action,event_pk,rn,date,work_area,organization,survey,sampling_bout,site_id,source,project_specific_id,hakai_id,line_out_depth_range,collected,preserved,analyzed,acidified,volume,lab_technician,filter_portion,pre_weight_mg,post_weight_mg,filter_size_mm,filter_type,analyzing_lab,row_flag,quality_level,comments,quality_log
,335,1,2015-03-13,QUADRA,HAKAI,QOMA;QOMA1;QOMA2,1,QU24,M,,QF261,030,2015-03-13T16:00:01.000Z,2015-03-13T23:15:12.000Z,,,1480,Kate,1,132,,47,,,Collected,Raw,,1: QF333 is 25mm GFF
,335,2,2015-03-13,QUADRA,HAKAI,QOMA;QOMA1;QOMA2,1,QU24,M,,QF263,030,2015-03-13T16:00:01.000Z,2015-03-13T23:15:12.000Z,,,5500,Kate,1,131.9,,47,,,Collected,Raw,,1: QF333 is 25mm GFF
,335,3,2015-03-13,QUADRA,HAKAI,QOMA;QOMA1;QOMA2,1,QU24,M,,QF333,030,2015-03-13T16:00:01.000Z,2015-03-13T23:15:12.000Z,,,200,Kate,1,36.5,,25,,,Collected,Raw,,1: QF333 is 25mm GFF
,416,1,2015-03-18,QUADRA,HAKAI,QOMA;QOMA1;QOMA2,1,QU39,M,,QF453,030,2015-03-18T16:02:55.000Z,2015-03-18T16:02:14.000Z,,,5000,Kate;Katie;Rebecca,1,129.4,,47,,,Collected,Technicianm,,1: Bottom depth is 265 m2: Every sample taken today that says station QU24 is now QU39. QU39 is now more west of QU24 and will be our main station instead of QU24.3: Every sample taken today that says station QU24 is now QU39. QU39 is now more west of QU24 and will be our main station instead of QU24.;;Bottom depth is 265 m4: POMFA metadata QC'd by EM.
,416,2,2015-03-18,QUADRA,HAKAI,QOMA;QOMA1;QOMA2,1,QU39,M,,QF454,030,2015-03-18T16:02:55.000Z,2015-03-18T16:02:14.000Z,,,4700,Kate;Katie;Rebecca,1,133.5,,47,,,Collected,Technicianm,,1: Bottom depth is 265 m2: Every sample taken today that says station QU24 is now QU39. QU39 is now more west of QU24 and will be our main station instead of QU24.3: Every sample taken today that says station QU24 is now QU39. QU39 is now more west of QU24 and will be our main station instead of QU24.;;Bottom depth is 265 m4: POMFA metadata QC'd by EM.
,504,1,2015-03-24,QUADRA,HAKAI,QOMA1;QOMA2;QOMA,1,QU39,M,,QF452,030,2015-03-24T16:04:16.000Z,2015-03-24T18:19:25.000Z,,,300,Rebecca;Other,1,131.2,,47,,,Collected,Technicianm,,1: POMFA metadata QC'd by EM.
,504,2,2015-03-24,QUADRA,HAKAI,QOMA1;QOMA2;QOMA,1,QU39,M,,QF541,030,2015-03-24T16:04:16.000Z,2015-03-24T18:19:25.000Z,,,9100,Rebecca;Other,1,130.1,,47,,,Collected,Technicianm,,1: POMFA metadata QC'd by EM.
,531,1,2015-03-31,QUADRA,HAKAI,QOMA2;QOMA;QOMA1,1,QU39,M,,QF549,030,2015-03-31T15:57:34.000Z,2015-03-31T19:01:00.000Z,,,4900,Katie;Other,1,129.1,,47,,,Collected,Technicianm,,1: Ctd only dropped to 165m2: POMFA metadata QC'd by EM.
,531,2,2015-03-31,QUADRA,HAKAI,QOMA2;QOMA;QOMA1,1,QU39,M,,QF550,030,2015-03-31T15:57:34.000Z,2015-03-31T19:01:00.000Z,,,4900,Katie;Other,1,128.7,,47,,,Collected,Technicianm,,1: Ctd only dropped to 165m2: POMFA metadata QC'd by EM.
,614,1,2015-04-06,QUADRA,HAKAI,QOMA;QOMA1;QOMA2,1,QU39,M,,QF561,030,2015-04-06T15:44:21.000Z,2015-04-06T20:45:38.000Z,,,10000,Leo;Rebecca;Other,1,129.8,,47,,,Collected,Technicianm,,1: POMFA metadata QC'd by EM.
,762,1,2015-04-14,QUADRA,HAKAI,QOMA2;QOMA;QOMA1,1,QU39,M,,QF532,030,2015-04-14T15:33:48.000Z,2015-04-14T16:15:19.000Z,,,3000,Kate;Katie;Other,1,130.7,,47,,,Collected,Technicianm,,1: POMFA metadata QC'd by EM.
,762,2,2015-04-14,QUADRA,HAKAI,QOMA2;QOMA;QOMA1,1,QU39,M,,QF562,030,2015-04-14T15:33:48.000Z,2015-04-14T16:15:19.000Z,,,3500,Kate;Katie;Other,1,130.2,,47,,,Collected,Technicianm,,1: EM deleted old ID without the F; reuploaded the QF id2: POMFA metadata QC'd by EM.
,762,3,2015-04-14,QUADRA,HAKAI,QOMA2;QOMA;QOMA1,1,QU39,M,,QF563,030,2015-04-14T15:33:48.000Z,2015-04-14T16:15:19.000Z,,,3000,Kate;Katie;Other,1,129.9,,47,,,Collected,Technicianm,,1: EM deleted old ID without the F; reuploaded the QF id2: POMFA metadata QC'd by EM.
,890,1,2015-04-22,QUADRA,HAKAI,QOMA1;QOMA2;QOMA,1,QU39,M,,QF642,030,2015-04-22T15:24:33.000Z,2015-04-22T18:10:52.000Z,,,2500,Kate;Katie,1,134.6,,47,,,Collected,Technicianm,,1: POMFA metadata QC'd by EM.
,890,2,2015-04-22,QUADRA,HAKAI,QOMA1;QOMA2;QOMA,1,QU39,M,,QF643,030,2015-04-22T15:24:33.000Z,2015-04-22T18:10:52.000Z,,,2500,Kate;Katie,1,135.3,,47,,,Collected,Technicianm,,1: POMFA metadata QC'd by EM.
,890,3,2015-04-22,QUADRA,HAKAI,QOMA1;QOMA2;QOMA,1,QU39,M,,QF648,030,2015-04-22T15:24:33.000Z,2015-04-22T18:10:52.000Z,,,2500,Kate;Katie,1,132.6,,47,,,Collected,Technicianm,,1: POMFA metadata QC'd by EM.
,1077,1,2015-05-01,QUADRA,HAKAI,QOMA2;QOMA1,1,QU39,M,,QF766,030,2015-05-01T14:32:56.000Z,2015-05-01T14:32:59.000Z,,,4950,Kate;Katie;Other,1,133.3,,47,,,Collected,Technicianm,,1: EM deleted old ID without the F; reuploaded the QF id2: POMFA metadata QC'd by EM.
,1077,2,2015-05-01,QUADRA,HAKAI,QOMA2;QOMA1,1,QU39,M,,QF767,030,2015-05-01T14:32:56.000Z,2015-05-01T14:32:59.000Z,,,4000,Kate;Katie;Other,1,133.4,,47,,,Collected,Technicianm,,1: EM deleted old ID without the F; reuploaded the QF id2: POMFA metadata QC'd by EM.
,1134,1,2015-05-05,QUADRA,HAKAI,QOMA2;QOMA1,1,QU39,M,,QF768,030,2015-05-05T14:51:55.000Z,2015-05-05T17:20:46.000Z,,,3800,Other,1,133,,47,,,Collected,Technicianm,,1: EM deleted old ID wit a QX; reuploaded the QF id2: POMFA metadata QC'd by EM.
,1134,2,2015-05-05,QUADRA,HAKAI,QOMA2;QOMA1,1,QU39,M,,QF770,030,2015-05-05T14:51:55.000Z,2015-05-05T17:20:46.000Z,,,3000,Other,1,133,,47,,,Collected,Technicianm,,1: POMFA metadata QC'd by EM.
,1192,1,2015-05-13,QUADRA,HAKAI,QOMA2;QOMA1,1,QU39,M,,QF644,030,2015-05-13T14:24:01.000Z,2015-05-13T21:19:07.000Z,,,3000,Kate;Other,1,134.7,,47,,,Collected,Technicianm,,1: POMFA metadata QC'd by EM.
,1192,2,2015-05-13,QUADRA,HAKAI,QOMA2;QOMA1,1,QU39,M,,QF645,030,2015-05-13T14:24:01.000Z,2015-05-13T21:19:07.000Z,,,2000,Kate;Other,1,133.5,,47,,,Collected,Technicianm,,1: POMFA metadata QC'd by EM.
,1192,3,2015-05-13,QUADRA,HAKAI,QOMA2;QOMA1,1,QU39,M,,QF646,030,2015-05-13T14:24:01.000Z,2015-05-13T21:19:07.000Z,,,3000,Kate;Other,1,132,,47,,,Collected,Technicianm,,1: POMFA metadata QC'd by EM.
,1192,4,2015-05-13,QUADRA,HAKAI,QOMA2;QOMA1,1,QU39,M,,QF647,030,2015-05-13T14:24:01.000Z,2015-05-13T21:19:07.000Z,,,2000,Kate;Other,1,132.6,,47,,,Collected,Technicianm,,1: POMFA metadata QC'd by EM.
,1341,1,2015-05-21,QUADRA,HAKAI,QOMA;QOMA1;QOMA2,1,QU39,M,,QF769,030,2015-05-21T14:46:54.000Z,2015-05-21T18:46:55.000Z,,,2500,Katie;Rebecca;Other,1,133.5,,47,,,Collected,Technicianm,,1: POMFA metadata QC'd by EM.
,1341,2,2015-05-21,QUADRA,HAKAI,QOMA;QOMA1;QOMA2,1,QU39,M,,QF875,030,2015-05-21T14:46:54.000Z,2015-05-21T18:46:55.000Z,,,2000,Katie;Rebecca;Other,1,138.1,,47,,,Collected,Technicianm,,1: POMFA metadata QC'd by EM.
,1341,3,2015-05-21,QUADRA,HAKAI,QOMA;QOMA1;QOMA2,1,QU39,M,,QF876,030,2015-05-21T14:46:54.000Z,2015-05-21T18:46:55.000Z,,,3000,Katie;Rebecca;Other,1,136.5,,47,,,Collected,Technicianm,,1: POMFA metadata QC'd by EM.
,1341,4,2015-05-21,QUADRA,HAKAI,QOMA;QOMA1;QOMA2,1,QU39,M,,QF877,030,2015-05-21T14:46:54.000Z,2015-05-21T18:46:55.000Z,,,2000,Katie;Rebecca;Other,1,137.4,,47,,,Collected,Technicianm,,1: POMFA metadata QC'd by EM.
,1408,1,2015-05-26,QUADRA,HAKAI,QOMA2;QOMA1;QOMA,1,QU39,M,,QF736,030,2015-05-26T13:40:03.000Z,2015-05-26T20:38:37.000Z,,,2800,Kate,1,131.7,,47,,,Collected,Technicianm,,1: POMFA metadata QC'd by EM.2: Slb was only 900 ml in the sterivex.
,1408,2,2015-05-26,QUADRA,HAKAI,QOMA2;QOMA1;QOMA,1,QU39,M,,QF737,030,2015-05-26T13:40:03.000Z,2015-05-26T20:38:37.000Z,,,3000,Kate,1,132.1,,47,,,Collected,Technicianm,,1: POMFA metadata QC'd by EM.2: Slb was only 900 ml in the sterivex.
,1408,3,2015-05-26,QUADRA,HAKAI,QOMA2;QOMA1;QOMA,1,QU39,M,,QF882,030,2015-05-26T13:40:03.000Z,2015-05-26T20:38:37.000Z,,,3000,Kate,1,134.9,,47,,,Collected,Technicianm,,1: POMFA metadata QC'd by EM.2: Slb was only 900 ml in the sterivex.
,1545,1,2015-06-03,QUADRA,HAKAI,QOMA;QOMA2;QOMA1,1,QU39,M,,QF880,030,2015-06-03T14:10:05.000Z,2015-06-03T20:30:23.000Z,,,4000,Natalie;Rebecca;Other,1,135.2,,47,,,Collected,Technicianm,,1: POMFA metadata QC'd by EM.
,1545,2,2015-06-03,QUADRA,HAKAI,QOMA;QOMA2;QOMA1,1,QU39,M,,QF883,030,2015-06-03T14:10:05.000Z,2015-06-03T20:30:23.000Z,,,3800,Natalie;Rebecca;Other,1,235.4,,47,,,Collected,Technicianm,,1: POMFA metadata QC'd by EM.
,1733,1,2015-06-15,QUADRA,HAKAI,QOMA1;QOMA2;QOMA,1,QU39,M,,QF881,030,2015-06-15T13:51:34.000Z,2015-06-15T17:51:26.000Z,,,4000,Natalie;Rebecca,1,135.1,,47,,,Collected,Technicianm,,1: POMFA metadata QC'd by EM.
,1733,2,2015-06-15,QUADRA,HAKAI,QOMA1;QOMA2;QOMA,1,QU39,M,,QF947,030,2015-06-15T13:51:34.000Z,2015-06-15T17:51:26.000Z,,,4000,Natalie;Rebecca,1,131.9,,47,,,Collected,Technicianm,,1: POMFA metadata QC'd by EM.
,1733,3,2015-06-15,QUADRA,HAKAI,QOMA1;QOMA2;QOMA,1,QU39,M,,QF948,030,2015-06-15T13:51:34.000Z,2015-06-15T17:51:26.000Z,,,1900,Natalie;Rebecca,1,133.2,,47,,,Collected,Technicianm,,1: POMFA metadata QC'd by EM.
,1842,1,2015-06-24,QUADRA,HAKAI,QOMA2;QOMA1;QOMA,1,QU39,M,,QF949,030,2015-06-24T15:51:20.000Z,2015-06-24T19:37:20.000Z,,,3950,Kate;Rebecca,1,132.4,,47,,,Collected,Technicianm,,1: POMFA metadata QC'd by EM.
,1842,2,2015-06-24,QUADRA,HAKAI,QOMA2;QOMA1;QOMA,1,QU39,M,,QF950,030,2015-06-24T15:51:20.000Z,2015-06-24T19:37:20.000Z,,,3000,Kate;Rebecca,1,132,,47,,,Collected,Technicianm,,1: POMFA metadata QC'd by EM.
,1842,3,2015-06-24,QUADRA,HAKAI,QOMA2;QOMA1;QOMA,1,QU39,M,,QF955,030,2015-06-24T15:51:20.000Z,2015-06-24T19:37:20.000Z,,,3000,Kate;Rebecca,1,133.6,,47,,,Collected,Technicianm,,1: POMFA metadata QC'd by EM.
,2092,1,2015-06-30,QUADRA,HAKAI,QOMA2;QOMA1;QOMA,1,QU39,M,,QF1108,030,2015-06-30T14:17:18.000Z,2015-06-30T19:00:17.000Z,,,3000,Kate;Natalie,1,132.9,,47,,,Collected,Technicianm,,1: POMFA metadata QC'd by EM.
,2092,2,2015-06-30,QUADRA,HAKAI,QOMA2;QOMA1;QOMA,1,QU39,M,,QF1109,030,2015-06-30T14:17:18.000Z,2015-06-30T19:00:17.000Z,,,3000,Kate;Natalie,1,132.7,,47,,,Collected,Technicianm,,1: POMFA metadata QC'd by EM.
,2092,3,2015-06-30,QUADRA,HAKAI,QOMA2;QOMA1;QOMA,1,QU39,M,,QF1110,030,2015-06-30T14:17:18.000Z,2015-06-30T19:00:17.000Z,,,2750,Kate;Natalie,1,132.4,,47,,,Collected,Technicianm,,1: POMFA metadata QC'd by EM.
,2194,1,2015-07-07,QUADRA,HAKAI,QOMA2;QOMA;QOMA1,1,QU39,M,,QF1120,030,2015-07-07T13:47:54.000Z,2015-07-07T14:14:34.000Z,,,5000,Natalie;Rebecca,1,132,,47,,,Collected,Technicianm,,1: POMFA metadata QC'd by EM.
,2194,2,2015-07-07,QUADRA,HAKAI,QOMA2;QOMA;QOMA1,1,QU39,M,,QF1129,030,2015-07-07T13:47:54.000Z,2015-07-07T14:14:34.000Z,,,4900,Natalie;Rebecca,1,133.8,,47,,,Collected,Technicianm,,1: POMFA metadata QC'd by EM.
,2360,1,2015-07-22,QUADRA,HAKAI,QOMA;QOMA2;QOMA1,1,QU39,M,,QF1034,030,2015-07-22T17:05:15.000Z,2015-07-22T20:04:30.000Z,,,4000,Kate;Natalie;Rebecca,1,135.5,,47,,,Collected,Technicianm,,1: POMFA metadata QC'd by EM.
,2360,2,2015-07-22,QUADRA,HAKAI,QOMA;QOMA2;QOMA1,1,QU39,M,,QF1127,030,2015-07-22T17:05:15.000Z,2015-07-22T20:04:30.000Z,,,3000,Kate;Natalie;Rebecca,1,134,,47,,,Collected,Technicianm,,1: POMFA metadata QC'd by EM.
,2360,3,2015-07-22,QUADRA,HAKAI,QOMA;QOMA2;QOMA1,1,QU39,M,,QF1128,030,2015-07-22T17:05:15.000Z,2015-07-22T20:04:30.000Z,,,3000,Kate;Natalie;Rebecca,1,133,,47,,,Collected,Technicianm,,1: POMFA metadata QC'd by EM.
,2510,1,2015-07-28,QUADRA,HAKAI,QOMA1;QOMA2;QOMA,1,QU39,M,,QF1032,030,2015-07-28T16:49:30.000Z,2015-07-28T20:24:40.000Z,,,4800,Kate;Natalie;Rebecca,1,137.4,,47,,,Collected,Technicianm,,1: POMFA metadata QC'd by EM.
,2510,2,2015-07-28,QUADRA,HAKAI,QOMA1;QOMA2;QOMA,1,QU39,M,,QF1033,030,2015-07-28T16:49:30.000Z,2015-07-28T20:24:40.000Z,,,4800,Kate;Natalie;Rebecca,1,137.7,,47,,,Collected,Technicianm,,1: POMFA metadata QC'd by EM.
,2525,1,2015-08-05,QUADRA,HAKAI,QOMA1;QOMA2;QOMA,1,QU39,M,,QF1172,030,2015-08-05T14:30:36.000Z,2015-08-05T14:45:48.000Z,,,3000,Kate;Katie;Natalie;Rebecca,1,132.7,,47,,,Collected,Technicianm,,1: POMFA metadata QC'd by EM.
,2525,2,2015-08-05,QUADRA,HAKAI,QOMA1;QOMA2;QOMA,1,QU39,M,,QF1173,030,2015-08-05T14:30:36.000Z,2015-08-05T14:45:48.000Z,,,3000,Kate;Katie;Natalie;Rebecca,1,132.3,,47,,,Collected,Technicianm,,1: POMFA metadata QC'd by EM.
,2525,3,2015-08-05,QUADRA,HAKAI,QOMA1;QOMA2;QOMA,1,QU39,M,,QF1174,030,2015-08-05T14:30:36.000Z,2015-08-05T14:45:48.000Z,,,4000,Kate;Katie;Natalie;Rebecca,1,133.7,,47,,,Collected,Technicianm,,1: POMFA metadata QC'd by EM.
,2747,1,2015-08-12,QUADRA,HAKAI,QOMA;QOMA1;QOMA2,1,QU39,M,,QF1146,030,2015-08-12T16:41:45.000Z,2015-08-12T20:30:10.000Z,,,4800,Kate;Natalie;Rebecca,1,133.6,,47,,,Collected,Technicianm,,1: POMFA metadata QC'd by EM.
,2747,2,2015-08-12,QUADRA,HAKAI,QOMA;QOMA1;QOMA2,1,QU39,M,,QF1147,030,2015-08-12T16:41:45.000Z,2015-08-12T20:30:10.000Z,,,5000,Kate;Natalie;Rebecca,1,133,,47,,,Collected,Technicianm,,1: POMFA metadata QC'd by EM.
,2868,1,2015-08-20,QUADRA,HAKAI,QOMA2;QOMA;QOMA1,1,QU39,M,,QF1148,030,2015-08-20T15:22:40.000Z,2015-08-20T20:37:14.000Z,,,4500,Katie;Rebecca,1,133,,47,,,Collected,Technicianm,,1: POMFA metadata QC'd by EM.
,2868,2,2015-08-20,QUADRA,HAKAI,QOMA2;QOMA;QOMA1,1,QU39,M,,QF1175,030,2015-08-20T15:22:40.000Z,2015-08-20T20:37:14.000Z,,,5200,Katie;Rebecca,1,133.4,,47,,,Collected,Technicianm,,1: POMFA metadata QC'd by EM.
,2881,1,2015-08-25,QUADRA,HAKAI,QOMA;QOMA2;QOMA1,1,QU39,M,,QF1176,030,2015-08-25T17:11:08.000Z,2015-08-25T20:07:52.000Z,,,6900,Kate;Natalie,1,132.9,,47,,,Collected,Technicianm,,1: POMFA metadata QC'd by EM.
,2881,2,2015-08-25,QUADRA,HAKAI,QOMA;QOMA2;QOMA1,1,QU39,M,,QF1177,030,2015-08-25T17:11:08.000Z,2015-08-25T20:07:52.000Z,,,3000,Kate;Natalie,1,132.4,,47,,,Collected,Technicianm,,1: POMFA metadata QC'd by EM.
,3098,1,2015-09-02,QUADRA,HAKAI,QOMA2;QOMA1,1,QU39,M,,QF1132,030,2015-09-02T15:02:08.000Z,2015-09-02T21:32:25.000Z,,,5000,Kate;Leo;Rebecca;Kristi Inman,1,132.7,,47,,,Collected,Technicianm,,1: POM and HPLC were not collected at 0 meters.2: POMFA metadata QC'd by EM.
,3098,2,2015-09-02,QUADRA,HAKAI,QOMA2;QOMA1,1,QU39,M,,QF1198,030,2015-09-02T15:02:08.000Z,2015-09-02T21:32:25.000Z,,,4650,Kate;Leo;Rebecca;Kristi Inman,1,132.8,,47,,,Collected,Technicianm,,1: POM and HPLC were not collected at 0 meters.2: POMFA metadata QC'd by EM.
,3283,1,2015-09-09,QUADRA,HAKAI,QOMA;QOMA2;QOMA1,1,QU39,M,,QF1200,030,2015-09-09T16:26:51.000Z,2015-09-09T20:23:31.000Z,,,600,Kate;Katie;Rebecca,1,132.7,,47,,,Collected,Technicianm,,1: Chlorophyll was not collected at 10m. No PON/POC2: POMFA metadata QC'd by EM.
,3283,2,2015-09-09,QUADRA,HAKAI,QOMA;QOMA2;QOMA1,1,QU39,M,,QF1305,030,2015-09-09T16:26:51.000Z,2015-09-09T20:23:31.000Z,,,4000,Kate;Katie;Rebecca,1,135.2,,47,,,Collected,Technicianm,,1: Chlorophyll was not collected at 10m. No PON/POC2: POMFA metadata QC'd by EM.
,3303,1,2015-09-15,QUADRA,HAKAI,QOMA2;QOMA;QOMA1,1,QU39,M,,QF1286,030,2015-09-15T17:29:32.000Z,2015-09-15T16:58:52.000Z,,,6000,Kate;Katie;Rebecca;Emma,1,137.72,,47,,,Collected,Technicianm,,1: POMFA metadata QC'd by EM.
,3303,2,2015-09-15,QUADRA,HAKAI,QOMA2;QOMA;QOMA1,1,QU39,M,,QF1287,030,2015-09-15T17:29:32.000Z,2015-09-15T16:58:52.000Z,,,3800,Kate;Katie;Rebecca;Emma,1,137.43,,47,,,Collected,Technicianm,,1: POMFA metadata QC'd by EM.
,3594,1,2015-09-28,QUADRA,HAKAI,QOMA1;QOMA;QOMA2,1,QU39,M,,QF1203,030,2015-09-28T15:49:13.000Z,2015-09-28T17:25:57.000Z,,,9800,Katie;Rebecca;Emma,1,132.9,,47,,,Collected,Technicianm,,1: POMFA metadata QC'd by EM.
,3620,1,2015-10-06,QUADRA,HAKAI,QOMA1;QOMA2;QOMA,1,QU39,M,,QF1206,030,2015-10-06T16:00:44.000Z,2015-10-06T16:26:54.000Z,,,3340,Katie;Rebecca;Emma,1,133.23,,47,,,Collected,Technicianm,,1: Metadata checked by RW.2: POMFA metadata QC'd by EM.
,3620,2,2015-10-06,QUADRA,HAKAI,QOMA1;QOMA2;QOMA,1,QU39,M,,QF1288,030,2015-10-06T16:00:44.000Z,2015-10-06T16:26:54.000Z,,,6000,Katie;Rebecca;Emma,1,138.61,,47,,,Collected,Technicianm,,1: Metadata checked by RW.2: POMFA metadata QC'd by EM.
,16817,1,2015-11-03,QUADRA,HAKAI,QRAFT1;QOMA1;QOMA2;QOMA,1,QU39,M,,QF1205,030,2015-11-03T18:10:18.000Z,2015-11-03T22:32:54.000Z,,,9600,Katie;Emma,1,133.9,,47,,,Collected,Technicianm,,1: Metadata checked by RW.2: POMFA metadata QC'd by EM.
,16935,1,2015-12-11,QUADRA,HAKAI,QOMA1;QOMA;QOMA2,1,QU39,M,,QF1387,030,2015-12-11T18:37:24.000Z,2015-12-11T19:32:03.000Z,,,9900,Katie;Rebecca,1,136.67,,47,,,Collected,Technicianm,,1: POMFA metadata QC'd by EM.2: Sample missing from Marine Lab. Found it in the -80 freezer. Added it to the data set. Metadata checked by RW.
,30248,1,2016-01-05,QUADRA,HAKAI,QOMA1;QOMA;QRAFT1;QOMA2,1,QU39,M,,QF1453,030,2016-01-05T19:10:05.000Z,2016-01-05T19:34:42.000Z,,,10000,Katie;Rebecca;Emma,1,133.2,,47,,,Collected,Technicianm,,1: Metadata checked by RW.
,30471,1,2016-02-02,QUADRA,HAKAI,QOMA1;QOMA;QOMA2,1,QU39,M,,QF1603,030,2016-02-02T17:29:32.000Z,2016-02-02T20:48:34.000Z,,,9750,Bryn;Katie;Rebecca;Emma,1,134.9,,47,,,Collected,Technicianm,,1: Metadata checked by RW.
,32476,1,2016-02-09,QUADRA,HAKAI,QOMA;QOMA2;QOMA1,1,QU39,M,,QF1391,030,2016-02-09T18:45:41.000Z,2016-02-09T20:26:46.000Z,,,10220,Katie;Rebecca;Emma,1,137.87,,47,,,Collected,Technicianm,,1: Collected CO2 samples. Split niskins into two drops. 100m niskin broke; collected with shallow samples (5;10;30 meter niskins). PP collection late. Water collection bracketed by ctd drops (one before first drop; and one after last drop).2: Metadata checked by RW.
,44391,1,2016-02-16,QUADRA,HAKAI,QOMA2;QOMA,1,QU39,M,,QF1602,030,2016-02-16T18:31:54.000Z,2016-02-16T23:16:41.000Z,,,9750,Katie;Rebecca;Emma,1,134.1,,47,,,Collected,Technicianm,,1: Metadata checked by RW.
,50335,1,2016-02-23,QUADRA,HAKAI,QOMA;QOMA1;QOMA2,1,QU39,M,,QF1930,030,2016-02-23T19:04:02.000Z,2016-02-23T20:04:08.000Z,,,10000,Bryn;Kate,1,35.3,,25,,,Collected,Technicianm,,1: CO2 samples taken2: Metadata checked by RW.
,64868,1,2016-03-15,QUADRA,HAKAI,QOMA1;QOMA;QOMA2,1,QU39,M,,QF1601,030,2016-03-15T16:24:07.000Z,2016-03-15T18:52:12.000Z,,,10000,Kate;Katie;Rebecca,1,133.9,,47,,,Collected,Technicianm,,1: Metadata checked by RW.
,65094,1,2016-03-22,QUADRA,HAKAI,QOMA1;QOMA;QOMA2;QRAFT1,1,QU39,M,,QF1652,030,2016-03-22T16:37:07.000Z,2016-03-22T21:05:46.000Z,,,10000,Kate;Katie;Rebecca,1,133.9,,47,,,Collected,Technicianm,,1: Metadata checked by RW.
,68440,1,2016-03-29,QUADRA,HAKAI,QOMA2;QOMA1,5,QU39,M,,QF1653,030,2016-03-29T18:45:08.000Z,2016-03-30T02:45:12.000Z,,,10000,Kate;Katie;Rebecca,1,133.7,,47,,,Collected,Technicianm,,1: Metadata checked by RW.
,68552,1,2016-04-08,QUADRA,HAKAI,QOMA1;QOMA2,3,QU39,M,,QF1502,030,2016-04-08T16:06:58.000Z,2016-04-08T19:07:02.000Z,,,6000,Kate;Katie,1,132.5,,47,,,Collected,Technicianm,,1: 2L from 0;5;10;20;30m depths2: Metadata checked by RW.
,68552,2,2016-04-08,QUADRA,HAKAI,QOMA1;QOMA2,3,QU39,M,,QF1503,030,2016-04-08T16:06:58.000Z,2016-04-08T19:07:02.000Z,,,3970,Kate;Katie,1,133.8,,47,,,Collected,Technicianm,,1: 2L from 0;5;10;20;30m depths2: Metadata checked by RW.
,82792,1,2016-04-14,QUADRA,HAKAI,QOMA2;QOMA1,3,QU39,M,,QF1392,030,2016-04-14T16:09:58.000Z,2016-04-14T21:15:17.000Z,,,8500,Kate;Katie,1,137.77,,47,,,Collected,Technicianm,,1: Metadata checked by RW.
,82792,2,2016-04-14,QUADRA,HAKAI,QOMA2;QOMA1,3,QU39,M,,QF1534,030,2016-04-14T16:09:58.000Z,2016-04-14T21:15:17.000Z,,,1500,Kate;Katie,1,132.8,,47,,,Collected,Technicianm,,1: Metadata checked by RW.
,101255,1,2016-04-28,QUADRA,HAKAI,QOMA2,2,QU39,M,,QF1707,030,2016-04-28T15:21:19.000Z,2016-04-28T15:59:43.000Z,,,8900,Kate;Rebecca;Shayla,1,129.4,,47,,,Collected,Technicianm,,1: Metadata checked by RW.
,119271,1,2016-05-09,QUADRA,HAKAI,QOMA2,2,QU39,M,,QF1358,030,2016-05-09T17:57:05.000Z,2016-05-09T20:15:45.000Z,,,4500,Kate H;Rebecca,1,135.77,,47,,,Collected,Technicianm,,1: Metadata checked by RW.
,119271,2,2016-05-09,QUADRA,HAKAI,QOMA2,2,QU39,M,,QF1708,030,2016-05-09T17:57:05.000Z,2016-05-09T20:15:45.000Z,,,550,Kate H;Rebecca,1,130.4,,47,,,Collected,Technicianm,,1: Metadata checked by RW.
,120610,1,2016-05-19,QUADRA,HAKAI,QOMA2,4,QU39,M,,QF1677,030,2016-05-19T14:45:55.000Z,2016-05-19T19:30:33.000Z,,,6960,Rebecca;Shayla,1,129.7,,47,,,Collected,Technicianm,,1: Metadata checked by RW.
,120610,2,2016-05-19,QUADRA,HAKAI,QOMA2,4,QU39,M,,QF1785,030,2016-05-19T14:45:55.000Z,2016-05-19T19:30:33.000Z,,,3000,Rebecca;Shayla,1,129.4,,47,,,Collected,Technicianm,,1: Metadata checked by RW.
,133565,1,2016-05-30,QUADRA,HAKAI,QOMA1,2,QU39,M,,QF1678,030,2016-05-30T15:40:34.000Z,2016-05-30T15:20:59.000Z,,,5000,Kate H;Rebecca;Natalie,1,129.5,,47,,,Collected,Technicianm,,1: Metadata checked by RW.
,133565,2,2016-05-30,QUADRA,HAKAI,QOMA1,2,QU39,M,,QF1679,030,2016-05-30T15:40:34.000Z,2016-05-30T15:20:59.000Z,,,4900,Kate H;Rebecca;Natalie,1,128.9,,47,,,Collected,Technicianm,,1: Metadata checked by RW.
,133787,1,2016-06-09,QUADRA,HAKAI,QOMA2,2,QU39,M,,QF1680,030,2016-06-09T15:00:07.000Z,2016-06-09T16:00:04.000Z,,,3000,Kate;Rebecca,1,130.9,,47,,,Collected,Technicianm,,1: Metadata checked by RW.
,133787,2,2016-06-09,QUADRA,HAKAI,QOMA2,2,QU39,M,,QF1681,030,2016-06-09T15:00:07.000Z,2016-06-09T16:00:04.000Z,,,2500,Kate;Rebecca,1,128.9,,47,,,Collected,Technicianm,,1: Metadata checked by RW.
,133787,3,2016-06-09,QUADRA,HAKAI,QOMA2,2,QU39,M,,QF1955,030,2016-06-09T15:00:07.000Z,2016-06-09T16:00:04.000Z,,,3000,Kate;Rebecca,1,128.8,,47,,,Collected,Technicianm,,1: Metadata checked by RW.
,133787,4,2016-06-09,QUADRA,HAKAI,QOMA2,2,QU39,M,,QF1956,030,2016-06-09T15:00:07.000Z,2016-06-09T16:00:04.000Z,,,1480,Kate;Rebecca,1,126.9,,47,,,Collected,Technicianm,,1: Metadata checked by RW.
,136903,1,2016-06-20,QUADRA,HAKAI,QOMA2,2,QU39,M,,QF2003,030,2016-06-20T14:41:54.000Z,2016-06-20T15:05:58.000Z,,,5240,Kate;Rebecca;Shayla;Natalie,1,124.8,,47,,,Collected,Technicianm,,1: Metadata checked by RW.
,136903,2,2016-06-20,QUADRA,HAKAI,QOMA2,2,QU39,M,,QF2007,030,2016-06-20T14:41:54.000Z,2016-06-20T15:05:58.000Z,,,4650,Kate;Rebecca;Shayla;Natalie,1,127.9,,47,,,Collected,Technicianm,,1: Metadata checked by RW.
,137722,1,2016-06-30,QUADRA,HAKAI,QOMA2,2,QU39,M,,QF2004,030,2016-06-30T15:24:33.000Z,2016-06-30T15:06:45.000Z,,,4800,Kate H;Rebecca;Natalie,1,126.2,,47,,,Collected,Technicianm,,1: 50mL short from 5m2: Metadata checked by RW.
,137722,2,2016-06-30,QUADRA,HAKAI,QOMA2,2,QU39,M,,QF2005,030,2016-06-30T15:24:33.000Z,2016-06-30T15:06:45.000Z,,,5000,Kate H;Rebecca;Natalie,1,127.1,,47,,,Collected,Technicianm,,1: 50mL short from 5m2: Metadata checked by RW.
,140831,1,2016-07-11,QUADRA,HAKAI,QOMA2,2,QU39,M,,QF1957,030,2016-07-11T14:44:14.000Z,2016-07-11T20:44:18.000Z,,,3000,Kate H;Rebecca,1,126.9,,47,,,Collected,Technicianm,,1: Metadata checked by RW.
,140831,2,2016-07-11,QUADRA,HAKAI,QOMA2,2,QU39,M,,QF1958,030,2016-07-11T14:44:14.000Z,2016-07-11T20:44:18.000Z,,,2000,Kate H;Rebecca,1,125.2,,47,,,Collected,Technicianm,,1: Metadata checked by RW.
,140831,3,2016-07-11,QUADRA,HAKAI,QOMA2,2,QU39,M,,QF2006,030,2016-07-11T14:44:14.000Z,2016-07-11T20:44:18.000Z,,,2000,Kate H;Rebecca,1,128.6,,47,,,Collected,Technicianm,,1: Metadata checked by RW.
,140831,4,2016-07-11,QUADRA,HAKAI,QOMA2,2,QU39,M,,QF2147,030,2016-07-11T14:44:14.000Z,2016-07-11T20:44:18.000Z,,,2000,Kate H;Rebecca,1,125.8,,47,,,Collected,Technicianm,,1: Metadata checked by RW.
,140831,5,2016-07-11,QUADRA,HAKAI,QOMA2,2,QU39,M,,QF2215,030,2016-07-11T14:44:14.000Z,2016-07-11T20:44:18.000Z,,,1000,Kate H;Rebecca,1,128.46,,47,,,Collected,Technicianm,,1: Weight 'before' value added according to data from the inventory. Metadata checked by RW.
,147564,1,2016-07-21,QUADRA,HAKAI,QOMA2;QOMA1,2,QU39,M,,QF2268,030,2016-07-21T15:23:57.000Z,2016-07-21T20:21:29.000Z,,,3000,Kate H;Rebecca;Gina Nickoloff,1,128.7,,47,,,Collected,Technicianm,,1: Metadata checked by RW.
,147564,2,2016-07-21,QUADRA,HAKAI,QOMA2;QOMA1,2,QU39,M,,QF2269,030,2016-07-21T15:23:57.000Z,2016-07-21T20:21:29.000Z,,,3000,Kate H;Rebecca;Gina Nickoloff,1,128.9,,47,,,Collected,Technicianm,,1: Metadata checked by RW.
,147564,3,2016-07-21,QUADRA,HAKAI,QOMA2;QOMA1,2,QU39,M,,QF2271,030,2016-07-21T15:23:57.000Z,2016-07-21T20:21:29.000Z,,,4000,Kate H;Rebecca;Gina Nickoloff,1,127.1,,47,,,Collected,Technicianm,,1: Metadata checked by RW.
,149786,1,2016-08-01,QUADRA,HAKAI,QOMA2,2,QU39,M,,QF2270,030,2016-08-01T15:33:59.000Z,2016-08-01T15:20:28.000Z,,,5000,Kate H;Leo;Rebecca,1,128.9,,47,,,Collected,Technicianm,,1: Metadata checked by RW.
,149786,2,2016-08-01,QUADRA,HAKAI,QOMA2,2,QU39,M,,QF2272,030,2016-08-01T15:33:59.000Z,2016-08-01T15:20:28.000Z,,,5000,Kate H;Leo;Rebecca,1,128.5,,47,,,Collected,Technicianm,,1: Metadata checked by RW.
,155420,1,2016-08-11,QUADRA,HAKAI,QOMA1;QOMA2,2,QU39,M,,QF2133,030,2016-08-11T15:25:48.000Z,2016-08-11T15:35:54.000Z,,,5000,,1,129.8,,47,,,Collected,Technicianm,,1: Metadata checked by RW.
,155420,2,2016-08-11,QUADRA,HAKAI,QOMA1;QOMA2,2,QU39,M,,QF2134,030,2016-08-11T15:25:48.000Z,2016-08-11T15:35:54.000Z,,,4880,,1,129.6,,47,,,Collected,Technicianm,,1: Metadata checked by RW.
,158990,1,2016-08-22,QUADRA,HAKAI,QOMA1;QOMA2,2,QU39,M,,QF2325,030,2016-08-22T15:22:43.000Z,2016-08-22T15:49:49.000Z,,,8000,Kate H;Rebecca,1,128.4,,47,,,Collected,Technicianm,,1: Metadata checked by RW.
,158990,2,2016-08-22,QUADRA,HAKAI,QOMA1;QOMA2,2,QU39,M,,QF2326,030,2016-08-22T15:22:43.000Z,2016-08-22T15:49:49.000Z,,,2000,Kate H;Rebecca,1,127.8,,47,,,Collected,Technicianm,,1: Metadata checked by RW.
,166063,1,2016-09-01,QUADRA,HAKAI,QOMA1,2,QU39,M,,QF2135,030,2016-09-01T15:01:35.000Z,2016-09-01T15:50:00.000Z,,,5000,katie.pocock;kate.holmes;rebecca.piercey;rachel.walker,1,129.4,,47,,,Collected,Technicianm,,1: Metadata checked by RW.
,166063,2,2016-09-01,QUADRA,HAKAI,QOMA1,2,QU39,M,,QF2327,030,2016-09-01T15:01:35.000Z,2016-09-01T15:50:00.000Z,,,4400,katie.pocock;kate.holmes;rebecca.piercey;rachel.walker,1,130.9,,47,,,Collected,Technicianm,,1: Metadata checked by RW.
,167122,1,2016-09-11,QUADRA,HAKAI,QOMA2;QOMA1,2,QU39,M,,QF1822,030,2016-09-11T16:00:18.000Z,2016-09-11T16:19:30.000Z,,,5000,Kate H;Rebecca;Rachel Walker,1,129.3,,47,,,Collected,Technicianm,,1: Metadata checked by RW.
,167122,2,2016-09-11,QUADRA,HAKAI,QOMA2;QOMA1,2,QU39,M,,QF2369,030,2016-09-11T16:00:18.000Z,2016-09-11T16:19:30.000Z,,,4790,Kate H;Rebecca;Rachel Walker,1,133.2,,47,,,Collected,Technicianm,,1: Metadata checked by RW.
,167567,1,2016-09-22,QUADRA,HAKAI,QOMA2,2,QU39,M,,QF2328,030,2016-09-22T16:28:18.000Z,2016-09-22T17:08:25.000Z,,,4000,Rebecca;Rachel Walker,1,128.6,,47,,,Collected,Technicianm,,1: Metadata checked by RW.
,167567,2,2016-09-22,QUADRA,HAKAI,QOMA2,2,QU39,M,,QF2331,030,2016-09-22T16:28:18.000Z,2016-09-22T17:08:25.000Z,,,3000,Rebecca;Rachel Walker,1,127.5,,47,,,Collected,Technicianm,,1: Metadata checked by RW.
,167567,3,2016-09-22,QUADRA,HAKAI,QOMA2,2,QU39,M,,QF2332,030,2016-09-22T16:28:18.000Z,2016-09-22T17:08:25.000Z,,,3000,Rebecca;Rachel Walker,1,127.1,,47,,,Collected,Technicianm,,1: Metadata checked by RW.
,176994,1,2016-10-02,QUADRA,HAKAI,QOMA2,2,QU39,M,,QF2371,030,2016-10-02T16:20:28.000Z,2016-10-02T22:10:45.000Z,,,5000,rebecca.piercey,1,130.5,,47,,,Collected,Technicianm,,1: Metadata checked by RW.
,176994,2,2016-10-02,QUADRA,HAKAI,QOMA2,2,QU39,M,,QF2372,030,2016-10-02T16:20:28.000Z,2016-10-02T22:10:45.000Z,,,5000,rebecca.piercey,1,129,,47,,,Collected,Technicianm,,1: Metadata checked by RW.
,177476,1,2016-10-12,QUADRA,HAKAI,QOMA2,2,QU39,M,,QF2370,030,2016-10-12T16:44:18.000Z,2016-10-12T17:03:43.000Z,,,5000,rebecca.piercey;rachel.walker,1,133.2,,47,,,Collected,Technicianm,,1: Metadata checked by RW.
,177476,2,2016-10-12,QUADRA,HAKAI,QOMA2,2,QU39,M,,QF2374,030,2016-10-12T16:44:18.000Z,2016-10-12T17:03:43.000Z,,,1000,rebecca.piercey;rachel.walker,1,131.8,,47,,,Collected,Technicianm,,1: Metadata checked by RW.
,177476,3,2016-10-12,QUADRA,HAKAI,QOMA2,2,QU39,M,,QF2380,030,2016-10-12T16:44:18.000Z,2016-10-12T17:03:43.000Z,,,4000,rebecca.piercey;rachel.walker,1,130.6,,47,,,Collected,Technicianm,,1: Metadata checked by RW.
,179885,1,2016-10-22,QUADRA,HAKAI,QOMA1,2,QU39,M,,QF2381,030,2016-10-22T16:30:52.000Z,2016-10-22T17:00:00.000Z,,,5000,rebecca.piercey;rachel.walker,1,130,,47,,,Collected,Technicianm,,1: Metadata checked by RW.
,179885,2,2016-10-22,QUADRA,HAKAI,QOMA1,2,QU39,M,,QF2506,030,2016-10-22T16:30:52.000Z,2016-10-22T17:00:00.000Z,,,4890,rebecca.piercey;rachel.walker,1,127.8,,47,,,Collected,Technicianm,,1: Metadata checked by RW.
,184455,1,2016-11-09,QUADRA,HAKAI,QOMA2,2,QU39,M,,QF2507,030,2016-11-09T17:15:27.000Z,2016-11-09T17:44:38.000Z,,,8960,kate.lansley;rebecca.piercey;rachel.walker,1,128.2,,47,,,Collected,Technicianm,,1: Metadata checked by RW.
,196168,1,2016-11-15,QUADRA,HAKAI,QOMA1,2,QU39,M,,QF2274,030,2016-11-15T17:38:08.000Z,2016-11-15T17:47:09.000Z,,,10000,kate.holmes;rebecca.piercey,1,128.8,,47,,,Collected,Technicianm,,1: Metadata checked by RW.
,185074,1,2016-11-26,QUADRA,HAKAI,QOMA1,2,QU39,M,,QF2273,030,2016-11-26T17:52:41.000Z,2016-11-26T18:30:25.000Z,,,5000,rebecca.piercey,1,129.6,,47,,,Collected,Technicianm,,1: Metadata checked by RW.2: No 260m samples on this drop.
,185074,2,2016-11-26,QUADRA,HAKAI,QOMA1,2,QU39,M,,QF2508,030,2016-11-26T17:52:41.000Z,2016-11-26T18:30:25.000Z,,,5000,rebecca.piercey,1,128.6,,47,,,Collected,Technicianm,,1: Metadata checked by RW.2: No 260m samples on this drop.
,185115,1,2016-12-03,QUADRA,HAKAI,QOMA2,2,QU39,M,,QF2509,030,2016-12-03T17:37:34.000Z,2016-12-03T17:48:00.000Z,,,5000,kate.holmes;rebecca.piercey;rachel.walker,1,129.3,,47,,,Collected,Technicianm,,1: Metadata checked by RW.
,185115,2,2016-12-03,QUADRA,HAKAI,QOMA2,2,QU39,M,,QF2510,030,2016-12-03T17:37:34.000Z,2016-12-03T17:48:00.000Z,,,3850,kate.holmes;rebecca.piercey;rachel.walker,1,129.8,,47,,,Collected,Technicianm,,1: Metadata checked by RW.
,196178,1,2016-12-15,QUADRA,HAKAI,QOMA2,3,QU39,M,,QF2511,030,2016-12-15T19:07:29.000Z,2016-12-15T23:07:37.000Z,,,5000,kate.lansley;kate.holmes;rachel.walker,1,128.8,,47,,,Collected,Technicianm,,1: Metadata checked by RW.2: Only 1300 mls from 30m
,196178,2,2016-12-15,QUADRA,HAKAI,QOMA2,3,QU39,M,,QF2538,030,2016-12-15T19:07:29.000Z,2016-12-15T23:07:37.000Z,,,4260,kate.lansley;kate.holmes;rachel.walker,1,127.7,,47,,,Collected,Technicianm,,1: Metadata checked by RW.2: Only 1300 mls from 30m
,212717,1,2017-01-08,QUADRA,HAKAI,QOMA2,2,QU39,M,,QF2539,030,2017-01-08T18:15:21.000Z,2017-01-08T18:37:20.000Z,,,5000,rebecca.piercey;rachel.walker,1,130.82,,47,,,Collected,Technicianm,,1: Metadata checked by RW.
,212717,2,2017-01-08,QUADRA,HAKAI,QOMA2,2,QU39,M,,QF2668,030,2017-01-08T18:15:21.000Z,2017-01-08T18:37:20.000Z,,,4910,rebecca.piercey;rachel.walker,1,131.4,,47,,,Collected,Technicianm,,1: Metadata checked by RW.
,225854,1,2017-01-15,QUADRA,HAKAI,QOMA2;QOMA1,2,QU39,M,,QF2669,030,2017-01-15T18:01:10.000Z,2017-01-15T19:18:50.000Z,,,5000,rebecca.piercey;rachel.walker;Emma,1,130.7,,47,,,Collected,Technicianm,,1: Metadata checked by RW.
,225854,2,2017-01-15,QUADRA,HAKAI,QOMA2;QOMA1,2,QU39,M,,QF2670,030,2017-01-15T18:01:10.000Z,2017-01-15T19:18:50.000Z,,,4920,rebecca.piercey;rachel.walker;Emma,1,131.2,,47,,,Collected,Technicianm,,1: Metadata checked by RW.
,239170,1,2017-01-26,QUADRA,HAKAI,QOMA2,2,QU39,M,,QF2682,030,2017-01-26T17:09:28.000Z,2017-01-26T17:33:12.000Z,,,5000,rebecca.piercey;Emma Myers,1,131,,47,,,Collected,Technicianm,,1: Metadata checked by RW.
,239170,2,2017-01-26,QUADRA,HAKAI,QOMA2,2,QU39,M,,QF2683,030,2017-01-26T17:09:28.000Z,2017-01-26T17:33:12.000Z,,,5000,rebecca.piercey;Emma Myers,1,130,,47,,,Collected,Technicianm,,1: Changed sampling bout from 5 to 4; based on HOP field log sheet. Metadata checked by RP.2: Homogenize filters QF2683 QF2637 QF26363: Metadata checked by RW.
,250348,1,2017-02-17,QUADRA,HAKAI,QOMA2,3,QU39,M,,QF2684,030,2017-02-17T17:52:21.000Z,2017-02-17T19:04:21.000Z,,,5000,rebecca.piercey;rachel.walker;Emma Myers;Justin Francis,1,130.7,,47,,,Collected,Technicianm,,1: Metadata checked by RW.
,250348,2,2017-02-17,QUADRA,HAKAI,QOMA2,3,QU39,M,,QF2685,030,2017-02-17T17:52:21.000Z,2017-02-17T19:04:21.000Z,,,4750,rebecca.piercey;rachel.walker;Emma Myers;Justin Francis,1,129.9,,47,,,Collected,Technicianm,,1: Metadata checked by RW.
,251319,1,2017-02-25,QUADRA,HAKAI,QOMA1,2,QU39,M,,QF2773,030,2017-02-25T17:21:13.000Z,2017-02-25T17:35:20.000Z,,,9900,rebecca.piercey;rachel.walker;Carly,1,130.2,,47,GF/F,,Collected,Technicianm,,1: Metadata checked by RW.
,253002,1,2017-03-15,QUADRA,HAKAI,QOMA2,2,QU39,M,,QF2745,030,2017-03-15T15:35:54.000Z,2017-03-15T16:06:59.000Z,,,5820,rebecca.piercey;rachel.walker,1,130.8,,47,GF/F,,Collected,Technicianm,,1: 2 extra litres from unknown depths2: Metadata checked by RP.
,253002,2,2017-03-15,QUADRA,HAKAI,QOMA2,2,QU39,M,,QF2774,030,2017-03-15T15:35:54.000Z,2017-03-15T16:06:59.000Z,,,6000,rebecca.piercey;rachel.walker,1,129.1,,47,GF/F,,Collected,Technicianm,,1: 2 extra litres from unknown depths2: Metadata checked by RP.
,254563,1,2017-03-30,QUADRA,HAKAI,QOMA1,2,QU39,M,,QF2746,030,2017-03-30T15:26:56.000Z,2017-03-30T15:39:29.000Z,,,5000,kate.holmes;rebecca.piercey;carly.janusson,1,128.9,,47,GF/F,,Collected,Technicianm,,1: Metadata checked by RP.2: Ysi units are ppt
,254563,2,2017-03-30,QUADRA,HAKAI,QOMA1,2,QU39,M,,QF2907,030,2017-03-30T15:26:56.000Z,2017-03-30T15:39:29.000Z,,,5000,kate.holmes;rebecca.piercey;carly.janusson,1,127.7,,47,GF/F,,Collected,Technicianm,,1: Metadata checked by RP.2: Ysi units are ppt
,255130,1,2017-04-07,QUADRA,HAKAI,QOMA4,2,QU39,M,,QF2908,030,2017-04-07T14:48:39.000Z,2017-04-07T15:01:33.000Z,,,6000,kate.lansley;rebecca.piercey,1,128.1,,47,GF/F,,Collected,Technicianm,,1: 3000ml was taken from 20l accidentally2: Metadata checked by RP.
,255130,2,2017-04-07,QUADRA,HAKAI,QOMA4,2,QU39,M,,QF2910,030,2017-04-07T14:48:39.000Z,2017-04-07T15:01:33.000Z,,,5000,kate.lansley;rebecca.piercey,1,127.8,,47,GF/F,,Collected,Technicianm,,1: 3000ml was taken from 20l accidentally2: Metadata checked by RP.
,260845,1,2017-04-11,QUADRA,HAKAI,QOMA3,2,QU39,M,,QF2911,030,2017-04-11T15:04:03.000Z,2017-04-11T15:27:17.000Z,,,5000,kate.lansley;rebecca.piercey,1,128.5,,47,GF/F,,Collected,Technicianm,,1: Metadata checked by RP.
,260845,2,2017-04-11,QUADRA,HAKAI,QOMA3,2,QU39,M,,QF2951,030,2017-04-11T15:04:03.000Z,2017-04-11T15:27:17.000Z,,,5000,kate.lansley;rebecca.piercey,1,130.3,,47,GF/F,,Collected,Technicianm,,1: Metadata checked by RP.
,260856,1,2017-04-20,QUADRA,HAKAI,QOMA2,2,QU39,M,,QF2952,030,2017-04-20T14:51:41.000Z,2017-04-20T14:57:51.000Z,,,3450,kate.holmes;rebecca.piercey,1,129.4,,47,GF/F,,Collected,Technicianm,,1: Metadata checked by RP.
,260856,2,2017-04-20,QUADRA,HAKAI,QOMA2,2,QU39,M,,QF3041,030,2017-04-20T14:51:41.000Z,2017-04-20T14:57:51.000Z,,,3000,kate.holmes;rebecca.piercey,1,130.9,,47,GF/F,,Collected,Technicianm,,1: Metadata checked by RP.
,260856,3,2017-04-20,QUADRA,HAKAI,QOMA2,2,QU39,M,,QF3042,030,2017-04-20T14:51:41.000Z,2017-04-20T14:57:51.000Z,,,3000,kate.holmes;rebecca.piercey,1,131.5,,47,GF/F,,Collected,Technicianm,,1: Metadata checked by RP.
,260850,1,2017-04-24,QUADRA,HAKAI,QOMA4,2,QU39,M,,QF3176,030,2017-04-24T14:50:42.000Z,2017-04-24T15:04:46.000Z,,,3500,kate.holmes;rebecca.piercey,1,129.5,,47,GF/F,,Collected,Technicianm,,1: Metadata checked by RP.
,260850,2,2017-04-24,QUADRA,HAKAI,QOMA4,2,QU39,M,,QF3177,030,2017-04-24T14:50:42.000Z,2017-04-24T15:04:46.000Z,,,3500,kate.holmes;rebecca.piercey,1,129.2,,47,GF/F,,Collected,Technicianm,,1: Metadata checked by RP.
,260850,3,2017-04-24,QUADRA,HAKAI,QOMA4,2,QU39,M,,QF3178,030,2017-04-24T14:50:42.000Z,2017-04-24T15:04:46.000Z,,,3000,kate.holmes;rebecca.piercey,1,130.6,,47,GF/F,,Collected,Technicianm,,1: Metadata checked by RP.
,279884,1,2017-05-02,QUADRA,HAKAI,QOMA3,2,QU39,M,,QF3181,030,2017-05-02T14:37:47.000Z,2017-05-02T15:12:44.000Z,,,4000,rebecca.piercey;justin.francis,1,130.1,,47,GF/F,,Collected,Technicianm,,1: Metadata checked by RP.2: YSI was not returned; no salinity or temperature taken today.
,279884,2,2017-05-02,QUADRA,HAKAI,QOMA3,2,QU39,M,,QF3182,030,2017-05-02T14:37:47.000Z,2017-05-02T15:12:44.000Z,,,3000,rebecca.piercey;justin.francis,1,129.6,,47,GF/F,,Collected,Technicianm,,1: Metadata checked by RP.2: YSI was not returned; no salinity or temperature taken today.
,279884,3,2017-05-02,QUADRA,HAKAI,QOMA3,2,QU39,M,,QF3183,030,2017-05-02T14:37:47.000Z,2017-05-02T15:12:44.000Z,,,2770,rebecca.piercey;justin.francis,1,129.6,,47,GF/F,,Collected,Technicianm,,1: Metadata checked by RP.2: YSI was not returned; no salinity or temperature taken today.
,280745,1,2017-05-08,QUADRA,HAKAI,QOMA2,2,QU39,M,,QF3184,030,2017-05-08T15:10:02.000Z,2017-05-08T15:23:20.000Z,,,5000,rebecca.piercey;rachel.walker;julian.gan;justin.francis,1,129.9,,47,GF/F,,Collected,Technicianm,,1: Metadata checked by RP.
,280745,2,2017-05-08,QUADRA,HAKAI,QOMA2,2,QU39,M,,QF3185,030,2017-05-08T15:10:02.000Z,2017-05-08T15:23:20.000Z,,,4830,rebecca.piercey;rachel.walker;julian.gan;justin.francis,1,131.1,,47,GF/F,,Collected,Technicianm,,1: Metadata checked by RP.
,293618,1,2017-05-17,QUADRA,HAKAI,QOMA4,2,QU39,M,,QF3186,030,2017-05-17T14:48:57.000Z,2017-05-17T14:49:27.000Z,,,3000,rebecca.piercey;rachel.walker;justin.francis;Brianna and Chris,1,129.4,,47,GF/F,,Collected,Technicianm,,1: Metadata checked by RP.
,293618,2,2017-05-17,QUADRA,HAKAI,QOMA4,2,QU39,M,,QF3215,030,2017-05-17T14:48:57.000Z,2017-05-17T14:49:27.000Z,,,3000,rebecca.piercey;rachel.walker;justin.francis;Brianna and Chris,1,130.2,,47,GF/F,,Collected,Technicianm,,1: Metadata checked by RP.
,293618,3,2017-05-17,QUADRA,HAKAI,QOMA4,2,QU39,M,,QF3216,030,2017-05-17T14:48:57.000Z,2017-05-17T14:49:27.000Z,,,2820,rebecca.piercey;rachel.walker;justin.francis;Brianna and Chris,1,131.6,,47,GF/F,,Collected,Technicianm,,1: Metadata checked by RP.
,294603,1,2017-05-29,QUADRA,HAKAI,QOMA3,2,QU39,M,,QF3258,030,2017-05-29T14:09:09.000Z,2017-05-29T14:43:23.000Z,,,4000,rebecca.piercey;rachel.walker;Brenna;Chris,1,128.5,,47,GF/F,,Collected,Technicianm,,1: Metadata checked by RP.
,294603,2,2017-05-29,QUADRA,HAKAI,QOMA3,2,QU39,M,,QF3260,030,2017-05-29T14:09:09.000Z,2017-05-29T14:43:23.000Z,,,4800,rebecca.piercey;rachel.walker;Brenna;Chris,1,128.6,,47,GF/F,,Collected,Technicianm,,1: Metadata checked by RP.
,294600,1,2017-06-05,QUADRA,HAKAI,QOMA4,2,QU39,M,,QF3259,030,2017-06-05T14:18:36.000Z,2017-06-05T14:25:04.000Z,,,4000,rebecca.piercey;rachel.walker;justin.francis;brianna.knowles;chris.mackenzie,1,128.6,,47,GF/F,,Collected,Technicianm,,1: Metadata checked by RP.
,294600,2,2017-06-05,QUADRA,HAKAI,QOMA4,2,QU39,M,,QF3337,030,2017-06-05T14:18:36.000Z,2017-06-05T14:25:04.000Z,,,4000,rebecca.piercey;rachel.walker;justin.francis;brianna.knowles;chris.mackenzie,1,129.7,,47,GF/F,,Collected,Technicianm,,1: Metadata checked by RP.
,294600,3,2017-06-05,QUADRA,HAKAI,QOMA4,2,QU39,M,,QF3338,030,2017-06-05T14:18:36.000Z,2017-06-05T14:25:04.000Z,,,1840,rebecca.piercey;rachel.walker;justin.francis;brianna.knowles;chris.mackenzie,1,129.5,,47,GF/F,,Collected,Technicianm,,1: Metadata checked by RP.
,296416,1,2017-06-12,QUADRA,HAKAI,QOMA3,2,QU39,M,,QF3342,030,2017-06-12T14:27:30.000Z,2017-06-12T14:40:03.000Z,,,5000,rebecca.piercey;justin.francis;brianna.knowles;chris.mackenzie,1,129.6,,47,GF/F,,Collected,Technicianm,,1: 10m niskin did not trigger on drop 2 so it was redone on drop 5; so this sample wqas taken on two separate drops. One filter (QF3342) has Drop 2 metadata and the other (QF3343) has drop 5 metadata. Metadata checked by RP.
,296419,1,2017-06-12,QUADRA,HAKAI,QOMA3,5,QU39,M,,QF3343,030,2017-06-12T14:46:33.000Z,2017-06-12T20:23:18.000Z,,,5000,rebecca.piercey;justin.francis;brianna.knowles;chris.mackenzie,1,127.9,,47,GF/F,,Collected,Technicianm,,1: 10m niskin did not trigger on drop 2 so it was redone on drop 5; so this sample wqas taken on two separate drops. One filter (QF3342) has Drop 2 metadata and the other (QF3343) has drop 5 metadata. Metadata checked by RP.2: Only for 10m niskin from drop 2 (POM FA).
,304012,1,2017-06-19,QUADRA,HAKAI,QOMA2,2,QU39,M,,QF3341,030,2017-06-19T14:15:04.000Z,2017-06-19T14:25:31.000Z,,,4900,rebecca.piercey;justin.francis;brenna.collicutt,1,129.5,,47,GF/F,,Collected,Technicianm,,1: Metadata checked by RP.
,304012,2,2017-06-19,QUADRA,HAKAI,QOMA2,2,QU39,M,,QF3411,030,2017-06-19T14:15:04.000Z,2017-06-19T14:25:31.000Z,,,5000,rebecca.piercey;justin.francis;brenna.collicutt,1,132.9,,47,GF/F,,Collected,Technicianm,,1: Metadata checked by RP.
,307347,1,2017-06-29,QUADRA,HAKAI,QOMA3,2,QU39,M,,QF3444,030,2017-06-29T14:04:17.000Z,2017-06-29T14:04:35.000Z,,,10000,kate.lansley;rebecca.piercey;justin.francis;chris.mackenzie,1,130.2,,47,GF/F,,Collected,Technicianm,,1: Metadata checked by RP.
,308985,1,2017-07-07,QUADRA,HAKAI,QOMA4,2,QU39,M,,QF3571,030,2017-07-07T13:35:57.000Z,2017-07-07T13:49:45.000Z,,,5000,rebecca.piercey;rachel.walker;justin.francis;brianna.knowles;chris.mackenzie,1,130.9,,47,GF/G,,Collected,Technicianm,,1: Metadata checked by RP.2: preweights by BK
,308985,2,2017-07-07,QUADRA,HAKAI,QOMA4,2,QU39,M,,QF3572,030,2017-07-07T13:35:57.000Z,2017-07-07T13:49:45.000Z,,,5000,rebecca.piercey;rachel.walker;justin.francis;brianna.knowles;chris.mackenzie,1,131.5,,47,GF/G,,Collected,Technicianm,,1: Metadata checked by RP.2: preweights by BK
,310951,1,2017-07-11,QUADRA,HAKAI,QOMA2,2,QU39,M,,QF3536,030,2017-07-11T14:41:40.000Z,2017-07-11T14:54:34.000Z,,,5000,rachel.walker;chris.mackenzie,1,129.6,,47,,,Collected,Technicianm,,1: Metadata checked by RP.2: Prewights taken by JF.
,310951,2,2017-07-11,QUADRA,HAKAI,QOMA2,2,QU39,M,,QF3537,030,2017-07-11T14:41:40.000Z,2017-07-11T14:54:34.000Z,,,4910,rachel.walker;chris.mackenzie,1,130.2,,47,,,Collected,Technicianm,,1: Metadata checked by RP.2: Prewights taken by JF.
,311710,1,2017-07-17,QUADRA,HAKAI,QOMA3,2,QU39,M,,QF3542,030,2017-07-17T14:52:09.000Z,2017-07-17T15:03:17.000Z,,,5000,rebecca.piercey;rachel.walker;brianna.knowles;chris.mackenzie,1,129.8,,47,,,Collected,Technicianm,,1: Did not collect POM; POP; or chlorophyll on this drop. Were done on drop 5.2: Metadata checked by RP.3: Prewights taken by JF.
,311710,2,2017-07-17,QUADRA,HAKAI,QOMA3,2,QU39,M,,QF3543,030,2017-07-17T14:52:09.000Z,2017-07-17T15:03:17.000Z,,,4800,rebecca.piercey;rachel.walker;brianna.knowles;chris.mackenzie,1,130.3,,47,,,Collected,Technicianm,,1: Did not collect POM; POP; or chlorophyll on this drop. Were done on drop 5.2: Metadata checked by RP.3: Prewights taken by JF.
,312627,1,2017-07-24,QUADRA,HAKAI,QOMA1,2,QU39,M,,QF3544,030,2017-07-24T15:41:38.000Z,2017-07-24T18:44:58.000Z,,,5000,kate.lansley;brianna.knowles,1,130.4,,47,,,Collected,Technicianm,,1: Metadata checked by RP.2: No 260m nutrients collected3: Prewights taken by JF.
,312627,2,2017-07-24,QUADRA,HAKAI,QOMA1,2,QU39,M,,QF3545,030,2017-07-24T15:41:38.000Z,2017-07-24T18:44:58.000Z,,,4620,kate.lansley;brianna.knowles,1,131.1,,47,,,Collected,Technicianm,,1: Metadata checked by RP.2: No 260m nutrients collected3: Prewights taken by JF.
,315929,1,2017-08-04,QUADRA,HAKAI,QOMA3;QOMA2,2,QU39,M,,QF3607,030,2017-08-04T14:41:15.000Z,2017-08-04T14:47:13.000Z,,,5000,rebecca.piercey;rachel.walker;brianna.knowles,1,131.6,,47,GF/G,,Collected,Technicianm,,1: Metadata checked by CM2: preweights by BK
,315929,2,2017-08-04,QUADRA,HAKAI,QOMA3;QOMA2,2,QU39,M,,QF3608,030,2017-08-04T14:41:15.000Z,2017-08-04T14:47:13.000Z,,,4960,rebecca.piercey;rachel.walker;brianna.knowles,1,132.1,,47,GF/G,,Collected,Technicianm,,1: Metadata checked by CM2: preweights by BK
,315327,1,2017-08-08,QUADRA,HAKAI,QOMA1,2,QU39,M,,QF3615,030,2017-08-08T15:40:16.000Z,2017-08-08T16:29:30.000Z,,,5000,rebecca.piercey;rachel.walker;Finn,1,131,,47,GF/G,,Collected,Technicianm,,1: 200m and 260m niskins did not trigger. These depths were done on a separate drop right after drop 2 called drop 5.2: 20m and 20m niskins did not trigger. These depths were done on a separate drop right after drop 2 called drop 5.3: Metadata checked by CM4: preweights by BK
,315327,2,2017-08-08,QUADRA,HAKAI,QOMA1,2,QU39,M,,QF3616,030,2017-08-08T15:40:16.000Z,2017-08-08T16:29:30.000Z,,,5000,rebecca.piercey;rachel.walker;Finn,1,129.9,,47,GF/G,,Collected,Technicianm,,1: 200m and 260m niskins did not trigger. These depths were done on a separate drop right after drop 2 called drop 5.2: 20m and 20m niskins did not trigger. These depths were done on a separate drop right after drop 2 called drop 5.3: Metadata checked by CM4: preweights by BK
,315977,1,2017-08-15,QUADRA,HAKAI,QOMA4,2,QU39,M,,QF3695,030,2017-08-15T14:58:49.000Z,2017-08-15T15:40:57.000Z,,,5000,rebecca.piercey;rachel.walker;brianna.knowles;brenna.collicutt,1,133.5,,47,GFF,,Collected,Technicianm,,1: Metadata checked by CM
,315977,2,2017-08-15,QUADRA,HAKAI,QOMA4,2,QU39,M,,QF3696,030,2017-08-15T14:58:49.000Z,2017-08-15T15:40:57.000Z,,,5150,rebecca.piercey;rachel.walker;brianna.knowles;brenna.collicutt,1,133.4,,47,GFF,,Collected,Technicianm,,1: Metadata checked by CM
,318463,1,2017-08-21,QUADRA,HAKAI,QOMA1,2,QU39,M,,QF3611,030,2017-08-21T16:44:08.000Z,2017-08-21T16:51:13.000Z,,,5000,rebecca.piercey;rachel.walker;chris.mackenzie,1,130.2,,47,GF/G,,Collected,Technicianm,,1: Metadata checked by CM2: preweights by BK
,318463,2,2017-08-21,QUADRA,HAKAI,QOMA1,2,QU39,M,,QF3697,030,2017-08-21T16:44:08.000Z,2017-08-21T16:51:13.000Z,,,4500,rebecca.piercey;rachel.walker;chris.mackenzie,1,133.1,,47,GFF,,Collected,Technicianm,,1: Metadata checked by CM
,318463,3,2017-08-21,QUADRA,HAKAI,QOMA1,2,QU39,M,,QF3698,030,2017-08-21T16:44:08.000Z,2017-08-21T16:51:13.000Z,,,500,rebecca.piercey;rachel.walker;chris.mackenzie,1,133.3,,47,GFF,,Collected,Technicianm,,1: Metadata checked by CM
,321461,1,2017-08-29,QUADRA,HAKAI,QOMA3,2,QU39,M,,QF3691,030,2017-08-29T15:46:40.000Z,2017-08-29T15:55:47.000Z,,,5000,rebecca.piercey;rachel.walker,1,129.6,,47,GF/G,,Collected,Technicianm,,1: Metadata checked by CM2: preweights by BK
,321461,2,2017-08-29,QUADRA,HAKAI,QOMA3,2,QU39,M,,QF3692,030,2017-08-29T15:46:40.000Z,2017-08-29T15:55:47.000Z,,,4920,rebecca.piercey;rachel.walker,1,131.3,,47,GF/G,,Collected,Technicianm,,1: Metadata checked by CM2: preweights by BK
,326178,1,2017-09-05,QUADRA,HAKAI,QOMA1,2,QU39,M,,QF3693,030,2017-09-05T16:35:50.000Z,2017-09-05T16:44:40.000Z,,,5000,rebecca.piercey,1,132,,47,GF/G,,Collected,Technicianm,,1: Metadata checked by CM2: preweights by BK
,326178,2,2017-09-05,QUADRA,HAKAI,QOMA1,2,QU39,M,,QF3694,030,2017-09-05T16:35:50.000Z,2017-09-05T16:44:40.000Z,,,4900,rebecca.piercey,1,131.4,,47,GF/G,,Collected,Technicianm,,1: Metadata checked by CM2: preweights by BK
,338095,1,2017-09-12,QUADRA,HAKAI,QOMA4,2,QU39,M,,QF3745,030,2017-09-12T15:52:29.000Z,2017-09-12T16:08:16.000Z,,,5000,rebecca.piercey,1,132.5,,47,GFF,,Collected,Technicianm,,1: 30m pom not YSIed right away; put in cooler first2: Metadata checked by CM
,338095,2,2017-09-12,QUADRA,HAKAI,QOMA4,2,QU39,M,,QF3746,030,2017-09-12T15:52:29.000Z,2017-09-12T16:08:16.000Z,,,4800,rebecca.piercey,1,133.6,,47,GFF,,Collected,Technicianm,,1: 30m pom not YSIed right away; put in cooler first2: Metadata checked by CM
,341877,1,2017-09-18,QUADRA,HAKAI,QOMA1,2,QU39,M,,QF3747,030,2017-09-18T16:45:23.000Z,2017-09-18T17:42:01.000Z,,,5000,rachel.walker;chris.mackenzie;isabelle;carrie,1,133,,47,GFF,,Collected,Technicianm,,1: Metadata checked by CM
,341877,2,2017-09-18,QUADRA,HAKAI,QOMA1,2,QU39,M,,QF3748,030,2017-09-18T16:45:23.000Z,2017-09-18T17:42:01.000Z,,,3960,rachel.walker;chris.mackenzie;isabelle;carrie,1,133.2,,47,GFF,,Collected,Technicianm,,1: Metadata checked by CM
,343710,1,2017-09-26,QUADRA,HAKAI,QOMA3,2,QU39,M,,QF3749,030,2017-09-26T16:30:31.000Z,2017-09-26T16:44:10.000Z,,,9950,,1,133.2,,47,GFF,,Collected,Technicianm,,1: Metadata checked by CM
,348221,1,2017-10-03,QUADRA,HAKAI,QOMA5,2,QU39,M,,QF3750,030,2017-10-03T16:32:07.000Z,2017-10-03T17:06:29.000Z,,,9980,rachel.walker;isabelle,1,133.4,,47,GFF,,Collected,Technicianm,,1: Metadata checked by CM
,348755,1,2017-10-11,QUADRA,HAKAI,QOMA4,2,QU39,M,,QF3780,030,2017-10-11T16:16:11.000Z,2017-10-11T16:56:59.000Z,,,10000,alex.hare;rachel.walker;chris.mackenzie;Carrie;isabelle,1,132.3,,47,GFF,,Collected,Technicianm,,1: Metadata checked by CM
,351098,1,2017-10-20,QUADRA,HAKAI,QOMA1,2,QU39,M,,QF3820,030,2017-10-20T16:20:07.000Z,2017-10-20T16:53:17.000Z,,,10000,,1,129.9,,47,GF/F,,Collected,Technicianm,,1: Metadata checked by CM
,352710,1,2017-10-24,QUADRA,HAKAI,QOMA5,2,QU39,M,,QF3821,030,2017-10-24T16:28:05.000Z,2017-10-24T17:12:35.000Z,,,10000,brianna.knowles;isabelle.desmarais,1,130.7,,47,GF/F,,Collected,Technicianm,,1: Metadata checked by CM
,352915,1,2017-10-31,QUADRA,HAKAI,QOMA4,2,QU39,M,,QF3822,030,2017-10-31T17:25:15.000Z,2017-10-31T18:32:28.000Z,,,10000,rachel.walker;brianna.knowles;brenna.collicutt;isabelle.desmarais,1,130.5,,47,GF/F,,Collected,Technicianm,,1: Metadata checked by CM
,353311,1,2017-11-08,QUADRA,HAKAI,QOMA5,2,QU39,M,,QF3728,030,2017-11-08T17:40:35.000Z,2017-11-08T18:24:49.000Z,,,10000,rachel.walker;isabelle.desmarais;Jen Jackson,1,128.6,,47,GFF,,Collected,Technicianm,,1: Sample metadata QCd by EJ
,358769,1,2017-11-16,QUADRA,HAKAI,QOMA1,2,QU39,M,,QF3854,030,2017-11-16T17:24:46.000Z,2017-11-16T17:54:21.000Z,,,10000,chris.mackenzie;isabelle.desmarais,1,130.1,,47,GF/F,,Collected,Technicianm,,1: poms Acidified with 2ml2: Sample metadata QCd by EJ
,358976,1,2017-11-20,QUADRA,HAKAI,QOMA5,2,QU39,M,,QF3883,030,2017-11-20T17:27:30.000Z,2017-11-20T18:15:00.000Z,,,10000,brianna.knowles,1,131.1,,47,GF/F,,Collected,Technicianm,,1: Sample metadata QCd by EJ
,359061,1,2017-11-27,QUADRA,HAKAI,QOMA4,2,QU39,M,,QF3995,030,2017-11-27T17:26:09.000Z,2017-11-27T18:48:31.000Z,,,9750,kate.lansley;rachel.walker;brenna.collicutt,1,130.8,,47,GF/F,,Collected,Technicianm,,1: Sample metadata QCd by EJ
,360881,1,2017-12-06,QUADRA,HAKAI,QOMA5,2,QU39,M,,QF3888,030,2017-12-06T17:50:55.000Z,2017-12-06T18:26:29.000Z,,,9800,rebecca.piercey;krystal b;Kate l,1,134.2,,47,GF/F,,Collected,Technicianm,,1: Sample metadata QCd by EJ
,362894,1,2017-12-11,QUADRA,HAKAI,QOMA1,2,QU39,M,,QF3887,030,2017-12-11T19:14:21.000Z,2017-12-11T19:50:07.000Z,,,10000,rebecca.piercey;brianna.knowles;chris.mackenzie,1,131.7,,47,GF/F,,Collected,Technicianm,,1: Sample metadata QCd by EJ
,363208,1,2018-01-03,QUADRA,HAKAI,QOMA5,2,QU39,M,,QF4007,030,2018-01-03T18:42:49.000Z,2018-01-03T20:59:15.000Z,,,10000,brianna.knowles;isabelle.desmarais,1,129,,47,GF/F,,Collected,Technicianm,,1: Sample metadata QCd by EJ
,364072,1,2018-01-09,QUADRA,HAKAI,QOMA4,2,QU39,M,,QF4014,030,2018-01-09T18:44:21.000Z,2018-01-09T20:36:32.000Z,,,10000,brianna.knowles,1,130.7,,47,GF/F,,Collected,Technicianm,,1: Sample metadata QCd by EJ
,365744,1,2018-01-22,QUADRA,HAKAI,QOMA1,2,QU39,M,,QF4074,030,2018-01-22T17:54:43.000Z,2018-01-22T20:26:40.000Z,,,10000,rachel.walker,1,130.1,,47,GF/F,,Collected,Technicianm,,1: Sample metadata QCd by EJ
,367266,1,2018-01-31,QUADRA,HAKAI,QOMA5,2,QU39,M,,QF4075,030,2018-01-31T17:18:09.000Z,2018-01-31T18:54:38.000Z,,,10000,brianna.knowles;isabelle.desmarais,1,130.2,,47,GF/F,,Collected,Technicianm,,1: Sample metadata QCd by EJ
,367360,1,2018-02-06,QUADRA,HAKAI,QOMA4,2,QU39,M,,QF4072,030,2018-02-06T17:52:49.000Z,2018-02-06T18:53:42.000Z,,,10000,rachel.walker;isabelle.desmarais,1,129.3,,47,GF/F,,Collected,Technicianm,,1: Sample metadata QCd by EJ
,368585,1,2018-02-13,QUADRA,HAKAI,QOMA5,2,QU39,M,,QF4073,030,2018-02-13T18:49:55.000Z,2018-02-13T21:10:00.000Z,,,10000,brianna.knowles,1,130.6,,47,GF/F,,Collected,Technicianm,,1: Sample metadata QCd by EJ
,368684,1,2018-02-19,QUADRA,HAKAI,QOMA1,2,QU39,M,,QF4204,030,2018-02-19T18:11:07.000Z,2018-02-19T21:30:55.000Z,,,8500,,1,133.5,,47,GF/G,,Collected,Technicianm,,1: Changed volume 850 to 8500. Sample also says 850. Previous comment doesn't reflect this.2: Sample metadata QCd by EJ3: Suspected liter missing from unknown depth
,371430,1,2018-02-27,QUADRA,HAKAI,QOMA5,2,QU39,M,,QF4085,030,2018-02-27T17:40:45.000Z,2018-02-27T21:15:32.000Z,,,9950,rebecca.piercey,1,130.8,,47,GF/F,,Collected,Technicianm,,1: Sample metadata QCd by EJ
,372394,1,2018-03-06,QUADRA,HAKAI,QOMA4,2,QU39,M,,QF4087,030,2018-03-06T17:47:43.000Z,2018-03-06T18:02:46.000Z,,,10000,rachel.walker;isabelle.desmarais;Bryn,1,131.7,,47,GF/F,,Collected,Technicianm,,1: Location is not the right one. Was pressed by mistake2: Sample metadata QCd by EJ
,373339,1,2018-03-13,QUADRA,HAKAI,QOMA5,2,QU39,M,,QF4220,030,2018-03-13T17:09:58.000Z,2018-03-13T19:00:37.000Z,,,10000,rebecca.piercey;rachel.walker,1,130.9,,47,GF/G,,Collected,Technicianm,,1: Sample metadata QCd by EJ
,373953,1,2018-03-20,QUADRA,HAKAI,QOMA1,2,QU39,M,,QF4242,030,2018-03-20T16:23:34.000Z,2018-03-20T16:48:50.000Z,,,5000,rebecca.piercey;rachel.walker,1,130.7,,47,GF/F,,Submitted,Technicianm,,1: Sample metadata QCd by EJ2: Sample metadata re- QCd by BF in 20203: Surface water collected in two 5L busking instead of one 10-12L.
,373953,2,2018-03-20,QUADRA,HAKAI,QOMA1,2,QU39,M,,QF4245,030,2018-03-20T16:23:34.000Z,2018-03-20T16:48:50.000Z,,,4940,rebecca.piercey;rachel.walker,1,131.2,,47,GF/F,,Submitted,Technicianm,,1: Sample metadata QCd by EJ2: Sample metadata re- QCd by BF in 20203: Surface water collected in two 5L busking instead of one 10-12L.
,374713,1,2018-03-27,QUADRA,HAKAI,QOMA5,2,QU39,M,,QF4277,030,2018-03-27T16:43:04.000Z,2018-03-27T19:41:51.000Z,,,5000,rebecca.piercey;rachel.walker;eva.jordison,1,133.7,,47,GF/F,,Submitted,Technicianm,,1: Sample metadata QCd by EJ2: Sample metadata re- QCd by BF in 2020
,374713,2,2018-03-27,QUADRA,HAKAI,QOMA5,2,QU39,M,,QF4278,030,2018-03-27T16:43:04.000Z,2018-03-27T19:41:51.000Z,,,4970,rebecca.piercey;rachel.walker;eva.jordison,1,132.4,,47,GF/F,,Submitted,Technicianm,,1: Sample metadata QCd by EJ2: Sample metadata re- QCd by BF in 2020
,376161,1,2018-04-04,QUADRA,HAKAI,QOMA5,2,QU39,M,,QF4348,030,2018-04-04T16:36:22.000Z,2018-04-04T18:35:40.000Z,,,4000,rebecca.piercey;rachel.walker;Chris O,1,130.2,,47,GF/F,,Submitted,Technicianm,,1: Bottle spilled; lost some of the sample (after homogenized)2: Sample metadata QCd by EJ3: Sample metadata re- QCd by BF in 2020
,376161,2,2018-04-04,QUADRA,HAKAI,QOMA5,2,QU39,M,,QF4349,030,2018-04-04T16:36:22.000Z,2018-04-04T18:35:40.000Z,,,3340,rebecca.piercey;rachel.walker;Chris O,1,132.1,,47,GF/F,,Submitted,Technicianm,,1: Bottle spilled; lost some of the sample (after homogenized)2: Sample metadata QCd by EJ3: Sample metadata re- QCd by BF in 2020
,377548,1,2018-04-12,QUADRA,HAKAI,QOMA4,2,QU39,M,,QF4358,030,2018-04-12T16:58:08.000Z,2018-04-12T17:09:55.000Z,,,5000,rebecca.piercey;rachel.walker,1,130.7,,47,GF/F,,Submitted,Technicianm,,1: Event Metada Qced by EJ2: Sample metadata QCd by EJ3: Sample metadata re- QCd by BF in 2020
,377548,2,2018-04-12,QUADRA,HAKAI,QOMA4,2,QU39,M,,QF4360,030,2018-04-12T16:58:08.000Z,2018-04-12T17:09:55.000Z,,,5000,rebecca.piercey;rachel.walker,1,129.6,,47,GF/F,,Submitted,Technicianm,,1: Event Metada Qced by EJ2: Sample metadata QCd by EJ3: Sample metadata re- QCd by BF in 2020
,377615,1,2018-04-17,QUADRA,HAKAI,QOMA5,2,QU39,M,,QF4361,030,2018-04-17T16:20:47.000Z,2018-04-17T16:44:24.000Z,,,5000,chris.mackenzie;Chris o,1,131.5,,47,GF/F,,Submitted,Technicianm,,1: Event metadata QCd by BF2: Sample metadata QCd by EJ3: Sample metadata re- QCd by BF in 2020
,377615,2,2018-04-17,QUADRA,HAKAI,QOMA5,2,QU39,M,,QF4362,030,2018-04-17T16:20:47.000Z,2018-04-17T16:44:24.000Z,,,4800,chris.mackenzie;Chris o,1,132.1,,47,GF/F,,Submitted,Technicianm,,1: Event metadata QCd by BF2: Sample metadata QCd by EJ3: Sample metadata re- QCd by BF in 2020
,379116,1,2018-04-24,QUADRA,HAKAI,QOMA4,2,QU39,M,,QF4426,030,2018-04-24T16:05:30.000Z,2018-04-24T16:40:09.000Z,,,5000,rebecca.piercey;rachel.walker;carrie.weekes;Emma,1,131.4,,47,GF/F,,Submitted,Technicianm,,1: Event Metadata QCd by BF2: POM FA metadata re- QCd by BF in 20203: Sample metadata QCd by EJ
,379116,2,2018-04-24,QUADRA,HAKAI,QOMA4,2,QU39,M,,QF4427,030,2018-04-24T16:05:30.000Z,2018-04-24T16:40:09.000Z,,,5000,rebecca.piercey;rachel.walker;carrie.weekes;Emma,1,130.5,,47,GF/F,,Submitted,Technicianm,,1: Event Metadata QCd by BF2: POM FA metadata re- QCd by BF in 20203: Sample metadata QCd by EJ
,387344,1,2018-05-02,QUADRA,HAKAI,QOMA5,2,QU39,M,,QF4441,030,2018-05-02T16:47:15.000Z,2018-05-02T19:29:18.000Z,,,5000,bryn.fedje,1,133.6,,47,GF/F,,Submitted,Technicianm,,1: Event Metadata QCd by BF2: POM FA metadata re- QCd by BF in 20203: Sample metadata QCd by EJ
,387344,2,2018-05-02,QUADRA,HAKAI,QOMA5,2,QU39,M,,QF4442,030,2018-05-02T16:47:15.000Z,2018-05-02T19:29:18.000Z,,,5100,bryn.fedje,1,133.6,,47,GF/F,,Submitted,Technicianm,,1: Event Metadata QCd by BF2: POM FA metadata re- QCd by BF in 20203: Sample metadata QCd by EJ
,387805,1,2018-05-08,QUADRA,HAKAI,QOMA4,2,QU39,M,,QF4547,030,2018-05-08T15:31:05.000Z,2018-05-08T15:53:59.000Z,,,5000,katie.pocock;rachel.walker;rebecca.piercey,1,122.3,,47,GF/F,,Submitted,Technicianm,,1: Event Metadata QCd by BF2: POM FA metadata re- QCd by BF in 20203: Sample metadata QCd by EJ
,387805,2,2018-05-08,QUADRA,HAKAI,QOMA4,2,QU39,M,,QF4548,030,2018-05-08T15:31:05.000Z,2018-05-08T15:53:59.000Z,,,5000,katie.pocock;rachel.walker;rebecca.piercey,1,121.9,,47,GF/F,,Submitted,Technicianm,,1: Event Metadata QCd by BF2: POM FA metadata re- QCd by BF in 20203: Sample metadata QCd by EJ
,387860,1,2018-05-15,QUADRA,HAKAI,QOMA5,3,QU39,M,,QF4428,030,2018-05-15T17:29:41.000Z,2018-05-15T21:45:17.000Z,,,5000,,1,132.6,,47,GF/F,,Submitted,Technicianm,,1: Event metadata QCd by EJ2: Forgot 260 ysi pom3: POM FA metadata re- QCd by BF in 20204: Sample metadata QCd by EJ
,387860,2,2018-05-15,QUADRA,HAKAI,QOMA5,3,QU39,M,,QF4554,030,2018-05-15T17:29:41.000Z,2018-05-15T21:45:17.000Z,,,4950,,1,121.8,,47,GF/F,,Submitted,Technicianm,,1: Event metadata QCd by EJ2: Forgot 260 ysi pom3: POM FA metadata re- QCd by BF in 20204: Sample metadata QCd by EJ
,388260,1,2018-05-22,QUADRA,HAKAI,QOMA4,3,QU39,M,,QF4555,030,2018-05-22T15:31:11.000Z,2018-05-22T16:20:14.000Z,,,5000,eva.jordison,1,123.8,,47,GF/F,,Collected,Technicianm,,1: Event metadata QCd by EJ2: Sample metadata QCd by EJ
,388260,2,2018-05-22,QUADRA,HAKAI,QOMA4,3,QU39,M,,QF4557,030,2018-05-22T15:31:11.000Z,2018-05-22T16:20:14.000Z,,,4600,eva.jordison,1,122.8,,47,GF/F,,Collected,Technicianm,,1: Event metadata QCd by EJ2: Sample metadata QCd by EJ
,404830,1,2018-05-29,QUADRA,HAKAI,QOMA5,2,QU39,M,,QF6102,030,2018-05-29T17:22:56.000Z,2018-05-29T20:48:51.000Z,,,5000,chris.mackenzie;eva.jordison,1,124.5,,47,GF/F,,Collected,Technicianm,,1: Event metadata QCd by EJ2: Location not collected3: Sample metadata QCd by EJ
,404830,2,2018-05-29,QUADRA,HAKAI,QOMA5,2,QU39,M,,QF6103,030,2018-05-29T17:22:56.000Z,2018-05-29T20:48:51.000Z,,,4650,chris.mackenzie;eva.jordison,1,124,,47,GF/F,,Collected,Technicianm,,1: Event metadata QCd by EJ2: Location not collected3: Sample metadata QCd by EJ
,407499,1,2018-06-05,QUADRA,HAKAI,QOMA4,2,QU39,M,,QF4558,030,2018-06-05T14:36:58.000Z,2018-06-05T15:04:40.000Z,,,5000,carrie.weekes;eva.jordison;rebecca.piercey,1,122,,47,GF/F,,Collected,Technicianm,,1: Event metadata QCd by EJ2: Sample metadata QCd by BF
,407499,2,2018-06-05,QUADRA,HAKAI,QOMA4,2,QU39,M,,QF6100,030,2018-06-05T14:36:58.000Z,2018-06-05T15:04:40.000Z,,,4000,carrie.weekes;eva.jordison;rebecca.piercey,1,124.8,,47,GF/F,,Collected,Technicianm,,1: Event metadata QCd by EJ2: Sample metadata QCd by BF
,407694,1,2018-06-11,QUADRA,HAKAI,QOMA5,3,QU39,M,,QF4378,030,2018-06-11T17:29:11.000Z,2018-06-11T21:57:54.000Z,,,4800,rebecca.piercey,1,131.4,,47,GF/F,,Collected,Technicianm,,1: Event metadata QCd by EJ2: Sample metadata QCd by BF
,407694,2,2018-06-11,QUADRA,HAKAI,QOMA5,3,QU39,M,,QF6105,030,2018-06-11T17:29:11.000Z,2018-06-11T21:57:54.000Z,,,5000,rebecca.piercey,1,124.6,,47,GF/F,,Collected,Technicianm,,1: Event metadata QCd by EJ2: Sample metadata QCd by BF
,409011,1,2018-06-18,QUADRA,HAKAI,QOMA1,2,QU39,M,,QF6106,030,2018-06-18T17:45:13.000Z,2018-06-18T22:09:21.000Z,,,5000,chris.osullivan,1,124.2,,47,GF/F,,Submitted,Technicianm,,1: Event Metadata QC'd by EM2: Filters were placed in the cooler with ice packs instead of a cooler with dry ice. It was about four hours before they were put in then -80 freezer3: Sample metadata QC'd by EM
,409011,2,2018-06-18,QUADRA,HAKAI,QOMA1,2,QU39,M,,QF6107,030,2018-06-18T17:45:13.000Z,2018-06-18T22:09:21.000Z,,,5000,chris.osullivan,1,124.3,,47,GF/F,,Submitted,Technicianm,,1: Event Metadata QC'd by EM2: Filters were placed in the cooler with ice packs instead of a cooler with dry ice. It was about four hours before they were put in then -80 freezer3: Sample metadata QC'd by EM
,411902,1,2018-06-26,QUADRA,HAKAI,QOMA5,2,QU39,M,,QF6108,030,2018-06-26T16:21:07.000Z,2018-06-26T18:34:17.000Z,,,5000,rachel.walker,1,124.4,,47,GF/F,,Submitted,Technicianm,,1: Sample metadata QC'd by CO
,411902,2,2018-06-26,QUADRA,HAKAI,QOMA5,2,QU39,M,,QF6109,030,2018-06-26T16:21:07.000Z,2018-06-26T18:34:17.000Z,,,4950,rachel.walker,1,124.4,,47,GF/F,,Submitted,Technicianm,,1: Sample metadata QC'd by CO
,416477,1,2018-07-11,QUADRA,HAKAI,QOMA1,2,QU39,M,,QF6110,030,2018-07-11T16:55:06.000Z,2018-07-11T18:27:01.000Z,,,3670,bryn.fedje;emma.myers;eva.jordison,1,124.7,,47,GF/F,,Submitted,Technicianm,,1: Event metadata QCd by EJ
,416477,2,2018-07-11,QUADRA,HAKAI,QOMA1,2,QU39,M,,QF6111,030,2018-07-11T16:55:06.000Z,2018-07-11T18:27:01.000Z,,,5000,bryn.fedje;emma.myers;eva.jordison,1,124.8,,47,GF/F,,Submitted,Technicianm,,1: Event metadata QCd by EJ2: POMFA metadata QCd by BF
,417953,1,2018-07-16,QUADRA,HAKAI,QOMA5,1,QU39,M,,QF6114,030,2018-07-16T14:27:05.000Z,2018-07-16T18:26:10.000Z,,,4800,bryn.fedje;chris.osullivan,1,122,,47,GF/F,,Submitted,Technicianm,,1: Event metadata QCd by BF2: POMFA metadata re- QCd by BF3: Sample Metadata QCd by EJ
,417953,2,2018-07-16,QUADRA,HAKAI,QOMA5,1,QU39,M,,QF6115,030,2018-07-16T14:27:05.000Z,2018-07-16T18:26:10.000Z,,,4800,bryn.fedje;chris.osullivan,1,124.6,,47,GF/F,,Submitted,Technicianm,,1: Event metadata QCd by BF2: POMFA metadata re- QCd by BF3: Sample Metadata QCd by EJ
,420095,1,2018-07-23,QUADRA,HAKAI,QOMA1,2,QU39,M,,QF6116,030,2018-07-23T15:48:12.000Z,2018-07-23T16:16:58.000Z,,,5800,brenna.collicutt;rebecca.piercey,1,122.6,,47,GF/F,,Submitted,Technicianm,,1: Event metadata QC'd by EM2: POMFA metadata re- QCd by BF3: Sample Metadata QCd by EJ
,420095,2,2018-07-23,QUADRA,HAKAI,QOMA1,2,QU39,M,,QF6117,030,2018-07-23T15:48:12.000Z,2018-07-23T16:16:58.000Z,,,4000,brenna.collicutt;rebecca.piercey,1,122.6,,47,GF/F,,Submitted,Technicianm,,1: Event metadata QC'd by EM2: POMFA metadata re- QCd by BF3: Sample Metadata QCd by EJ
,421482,1,2018-07-31,QUADRA,HAKAI,QOMA5,3,QU39,M,,QF6118,030,2018-07-31T15:27:26.000Z,2018-07-31T18:56:37.000Z,,,5000,chris.mackenzie;chris.osullivan;rebecca.piercey,1,122.7,,47,GF/F,,Submitted,Technicianm,,1: Event Metadata QCd by EJ2: POMFA metadata re- QCd by BF3: Sample Metadata QCd by EJ
,421482,2,2018-07-31,QUADRA,HAKAI,QOMA5,3,QU39,M,,QF6119,030,2018-07-31T15:27:26.000Z,2018-07-31T18:56:37.000Z,,,4750,chris.mackenzie;chris.osullivan;rebecca.piercey,1,121.6,,47,GF/F,,Submitted,Technicianm,,1: Event Metadata QCd by EJ2: POMFA metadata re- QCd by BF3: Sample Metadata QCd by EJ
,422064,1,2018-08-09,QUADRA,HAKAI,QOMA1,2,QU39,M,,QF6120,030,2018-08-09T15:50:36.000Z,2018-08-09T16:00:50.000Z,,,5000,bryn.fedje;katie.pocock;rebecca.piercey,1,121.7,,47,GF/F,,Submitted,Technicianm,,1: Event Metadata QCd by EJ2: POMFA metadata re- QCd by BF3: Sample Metadata QCd by EJ
,422064,2,2018-08-09,QUADRA,HAKAI,QOMA1,2,QU39,M,,QF6121,030,2018-08-09T15:50:36.000Z,2018-08-09T16:00:50.000Z,,,5050,bryn.fedje;katie.pocock;rebecca.piercey,1,125.4,,47,GF/F,,Submitted,Technicianm,,1: Event Metadata QCd by EJ2: POMFA metadata re- QCd by BF3: Sample Metadata QCd by EJ
,422490,1,2018-08-14,QUADRA,HAKAI,QOMA5,2,QU39,M,,QF6124,030,2018-08-14T17:48:18.000Z,2018-08-14T21:19:20.000Z,,,5000,chris.osullivan;Jen Jackson,1,124.3,,47,GF/F,,Submitted,Technicianm,,1: Event metadata QC'd by EM2: Sample Metadata QCd by EJ
,422490,2,2018-08-14,QUADRA,HAKAI,QOMA5,2,QU39,M,,QF6125,030,2018-08-14T17:48:18.000Z,2018-08-14T21:19:20.000Z,,,4900,chris.osullivan;Jen Jackson,1,123.3,,47,GF/F,,Submitted,Technicianm,,1: Event metadata QC'd by EM2: Sample Metadata QCd by EJ
,424250,1,2018-08-21,QUADRA,HAKAI,QOMA1,3,QU39,M,,QF6126,030,2018-08-21T17:09:35.000Z,2018-08-21T19:40:38.000Z,,,5000,bryn.fedje;katie.pocock;rebecca.piercey,1,121.3,,47,GF/F,,Submitted,Technicianm,,1: Event metadata QCd by EJ2: Sample Metadata QCd by EJ
,424250,2,2018-08-21,QUADRA,HAKAI,QOMA1,3,QU39,M,,QF6127,030,2018-08-21T17:09:35.000Z,2018-08-21T19:40:38.000Z,,,5000,bryn.fedje;katie.pocock;rebecca.piercey,1,121.9,,47,GF/F,,Submitted,Technicianm,,1: Event metadata QCd by EJ2: Sample Metadata QCd by EJ
,427853,1,2018-08-29,QUADRA,HAKAI,QOMA5,2,QU39,M,,QF6128,030,2018-08-29T17:32:12.000Z,2018-08-29T21:06:33.000Z,,,5000,bryn.fedje,1,122.8,,47,GF/F,,Submitted,Technicianm,,1: Event QC'd by CO2: Sample Metadata QCd by EJ
,427853,2,2018-08-29,QUADRA,HAKAI,QOMA5,2,QU39,M,,QF6129,030,2018-08-29T17:32:12.000Z,2018-08-29T21:06:33.000Z,,,5000,bryn.fedje,1,123,,47,GF/F,,Submitted,Technicianm,,1: Event QC'd by CO2: Sample Metadata QCd by EJ
,428236,1,2018-09-04,QUADRA,HAKAI,QOMA1,2,QU39,M,,QF6130,030,2018-09-04T17:16:07.000Z,2018-09-04T22:00:28.000Z,,,5000,carrie.weekes;emma.myers,1,123,,47,GF/F,,Submitted,Technicianm,,1: Event metadata QCd by EJ2: Sample Metadata QCd by EJ
,428236,2,2018-09-04,QUADRA,HAKAI,QOMA1,2,QU39,M,,QF6131,030,2018-09-04T17:16:07.000Z,2018-09-04T22:00:28.000Z,,,5000,carrie.weekes;emma.myers,1,122.3,,47,GF/F,,Submitted,Technicianm,,1: Event metadata QCd by EJ2: Sample Metadata QCd by EJ
,430712,1,2018-09-13,QUADRA,HAKAI,QOMA5,2,QU39,M,,QF6132,030,2018-09-13T16:13:38.000Z,2018-09-13T19:35:15.000Z,,,4800,chris.osullivan;eva.jordison,1,122.2,,47,GF/F,,Submitted,Technicianm,,1: Event metadata QC'd by CM2: Sample metadata QC'd by CM
,430712,2,2018-09-13,QUADRA,HAKAI,QOMA5,2,QU39,M,,QF6133,030,2018-09-13T16:13:38.000Z,2018-09-13T19:35:15.000Z,,,4800,chris.osullivan;eva.jordison,1,122.5,,47,GF/F,,Submitted,Technicianm,,1: Event metadata QC'd by CM2: Sample metadata QC'd by CM
,431343,1,2018-09-18,QUADRA,HAKAI,QOMA1,2,QU39,M,,QF6136,030,2018-09-18T16:05:55.000Z,2018-09-18T18:41:42.000Z,,,5000,carrie.weekes;eva.jordison;rebecca.piercey,1,121.9,,47,GF/F,,Submitted,Technicianm,,1: Event QC'd by EM2: Sample metadata QC'd by CM
,431343,2,2018-09-18,QUADRA,HAKAI,QOMA1,2,QU39,M,,QF6137,030,2018-09-18T16:05:55.000Z,2018-09-18T18:41:42.000Z,,,5000,carrie.weekes;eva.jordison;rebecca.piercey,1,122.5,,47,GF/F,,Submitted,Technicianm,,1: Event QC'd by EM2: Sample metadata QC'd by CM
,433093,1,2018-09-25,QUADRA,HAKAI,QOMA5,2,QU39,M,,QF6138,030,2018-09-25T17:29:08.000Z,2018-09-25T21:23:40.000Z,,,4900,chris.mackenzie,1,123.6,,47,GF/F,,Submitted,Technicianm,,1: Event QC'd by CO2: Sample metadata QC'd by CM
,433093,2,2018-09-25,QUADRA,HAKAI,QOMA5,2,QU39,M,,QF6139,030,2018-09-25T17:29:08.000Z,2018-09-25T21:23:40.000Z,,,5000,chris.mackenzie,1,124.1,,47,GF/F,,Submitted,Technicianm,,1: Event QC'd by CO2: Sample metadata QC'd by CM
,435173,1,2018-10-04,QUADRA,HAKAI,QOMA1,2,QU39,M,,QF6140,030,2018-10-04T17:14:27.000Z,2018-10-04T17:58:03.000Z,,,4950,chris.osullivan;katie.pocock;rebecca.piercey,1,122.8,,47,GF/F,,Submitted,Technicianm,,1: Event Metadata QCd by EJ2: Sample metadata QC'd by CM
,435173,2,2018-10-04,QUADRA,HAKAI,QOMA1,2,QU39,M,,QF6141,030,2018-10-04T17:14:27.000Z,2018-10-04T17:58:03.000Z,,,4950,chris.osullivan;katie.pocock;rebecca.piercey,1,123.2,,47,GF/F,,Submitted,Technicianm,,1: Event Metadata QCd by EJ2: Sample metadata QC'd by CM
,435892,1,2018-10-09,QUADRA,HAKAI,QOMA5,2,QU39,M,,QF6142,030,2018-10-09T18:38:34.000Z,2018-10-09T21:09:33.000Z,,,4920,chris.mackenzie,1,124,,47,GF/F,,Collected,Technicianm,,1: Event metadata QC'd by EM2: Sample metadata QC'd by CM
,435892,2,2018-10-09,QUADRA,HAKAI,QOMA5,2,QU39,M,,QF6143,030,2018-10-09T18:38:34.000Z,2018-10-09T21:09:33.000Z,,,4890,chris.mackenzie,1,123.6,,47,GF/F,,Collected,Technicianm,,1: Event metadata QC'd by EM2: Sample metadata QC'd by CM
,436771,1,2018-10-16,QUADRA,HAKAI,QOMA1,2,QU39,M,,QF6144,030,2018-10-16T17:24:38.000Z,2018-10-16T17:35:39.000Z,,,4925,bryn.fedje;carolyn.prentice;katie.pocock,1,123.8,,47,GF/F,,Collected,Technicianm,,1: Event metadata QCd by BF2: Sample metadata QC'd by CM
,436771,2,2018-10-16,QUADRA,HAKAI,QOMA1,2,QU39,M,,QF6145,030,2018-10-16T17:24:38.000Z,2018-10-16T17:35:39.000Z,,,5000,bryn.fedje;carolyn.prentice;katie.pocock,1,123.6,,47,GF/F,,Collected,Technicianm,,1: Event metadata QCd by BF2: Sample metadata QC'd by CM
,440214,1,2018-10-24,QUADRA,HAKAI,QOMA5,4,QU39,M,,QF6148,030,2018-10-24T17:42:06.000Z,2018-10-24T18:01:13.000Z,,,4900,carolyn.prentice;chris.osullivan;Lucy Quayle,1,122.8,,47,GF/F,,Collected,Technicianm,,1: Sample metadata QC'd by CM2: Sampling Event Metadata QC'd by CO
,440214,2,2018-10-24,QUADRA,HAKAI,QOMA5,4,QU39,M,,QF6149,030,2018-10-24T17:42:06.000Z,2018-10-24T18:01:13.000Z,,,4900,carolyn.prentice;chris.osullivan;Lucy Quayle,1,123,,47,GF/F,,Collected,Technicianm,,1: Sample metadata QC'd by CM2: Sampling Event Metadata QC'd by CO
,440206,1,2018-10-30,QUADRA,HAKAI,QOMA1,3,QU39,M,QF6150,QF6150,030,2018-10-30T16:53:27.000Z,2018-10-30T19:50:56.000Z,,,5000,bryn.fedje,1,122.3,,47,GFF,,Collected,Technicianm,,1: Event Metadata QCd by EJ2: Sample metadata QC'd by CM. Pre weights missing - does not matter - do not need to use weighed filters
,440206,2,2018-10-30,QUADRA,HAKAI,QOMA1,3,QU39,M,QF6151,QF6151,030,2018-10-30T16:53:27.000Z,2018-10-30T19:50:56.000Z,,,5000,bryn.fedje,1,123.1,,47,GFF,,Collected,Technicianm,,1: Event Metadata QCd by EJ2: Sample metadata QC'd by CM. Pre weights missing - does not matter - do not need to use weighed filters
,444270,1,2018-11-07,QUADRA,HAKAI,QOMA5,2,QU39,M,QF6152,QF6152,030,2018-11-07T17:03:14.000Z,2018-11-07T21:56:57.000Z,,,5000,bryn.fedje;chris.mackenzie;chris.osullivan,1,122,,47,GF/F,,Submitted,Technicianm,,1: Event metadata QC'd by EM2: Sample metadata QC'd by CM. Pre weights missing - does not matter - do not need to use weighed filters
,444270,2,2018-11-07,QUADRA,HAKAI,QOMA5,2,QU39,M,QF6153,QF6153,030,2018-11-07T17:03:14.000Z,2018-11-07T21:56:57.000Z,,,4920,bryn.fedje;chris.mackenzie;chris.osullivan,1,124.8,,47,GF/F,,Submitted,Technicianm,,1: Event metadata QC'd by EM2: Sample metadata QC'd by CM. Pre weights missing - does not matter - do not need to use weighed filters
,447194,1,2018-11-16,QUADRA,HAKAI,QOMA1,2,QU39,M,QF6154,QF6154,030,2018-11-16T18:40:03.000Z,2018-11-16T19:42:28.000Z,,,5000,bryn.fedje,1,123.3,,47,GF/F,,Submitted,Technicianm,,1: Event QC'd by EM2: Sample metadata QC'd by CM. Pre weights missing - does not matter - do not need to use weighed filters
,447194,2,2018-11-16,QUADRA,HAKAI,QOMA1,2,QU39,M,QF6155,QF6155,030,2018-11-16T18:40:03.000Z,2018-11-16T19:42:28.000Z,,,5030,bryn.fedje,1,122.9,,47,GF/F,,Submitted,Technicianm,,1: Event QC'd by EM2: physical sample says 5000ml3: Sample metadata QC'd by CM. Pre weights missing - does not matter - do not need to use weighed filters
,447191,1,2018-11-19,QUADRA,HAKAI,QOMA5,2,QU39,M,QF6158,QF6158,030,2018-11-19T19:25:44.000Z,2018-11-19T22:05:05.000Z,,,5000,chris.mackenzie;emma.myers,1,122.8,,47,GF/F,,Submitted,Technicianm,,1: Event QC'd by Em2: Sample metadata QC'd by CM. Pre weights missing - does not matter - do not need to use weighed filters
,447191,2,2018-11-19,QUADRA,HAKAI,QOMA5,2,QU39,M,QF6159,QF6159,030,2018-11-19T19:25:44.000Z,2018-11-19T22:05:05.000Z,,,5000,chris.mackenzie;emma.myers,1,124.9,,47,GF/F,,Submitted,Technicianm,,1: Event QC'd by Em2: Sample metadata QC'd by CM. Pre weights missing - does not matter - do not need to use weighed filters
,448974,1,2018-11-28,QUADRA,HAKAI,QOMA1,3,QU39,M,QF6160,QF6160,030,2018-11-28T18:53:05.000Z,2018-11-28T22:32:04.000Z,,,5000,bryn.fedje,1,124.9,,47,GF/F,,Submitted,Technicianm,,1: Event metadata QC'd by EM2: POMFA metadata QCd by BF
,448974,2,2018-11-28,QUADRA,HAKAI,QOMA1,3,QU39,M,QF6161,QF6161,030,2018-11-28T18:53:05.000Z,2018-11-28T22:32:04.000Z,,,5000,bryn.fedje,1,123.7,,47,GF/F,,Submitted,Technicianm,,1: Event metadata QC'd by EM2: POMFA metadata QCd by BF
,449769,1,2018-12-04,QUADRA,HAKAI,QOMA5,3,QU39,M,,QM1101,030,2018-12-04T17:44:24.000Z,2018-12-04T20:09:21.000Z,,,0,chris.mackenzie;chris.osullivan;rebecca.piercey,1,,,,,,Not Available,Technicianm,,1: No pom fa collected on this survey2: POM FA metadata QCd by BF